Workbook

Sheet 12-13
E1: Saison 12/13
A2: Spieler | C2: Spiele bisher | D2: Freundschaftsspiele | R2: Pokalspiele | X2: Punktspiele | CB2: Anzahl
D3: I | E3: I | F3: I | G3: I | H3: I | I3: I | J3: I | K3: I | L3: I | M3: I | N3: I | R3: II | S3: I | T3: I | U3: I | V3: I | X3: I | Y3: I | Z3: I | AA3: I | AB3: I | AC3: II | AD3: I | AE3: II | AF3: II | AG3: I | AH3: I | AI3: II | AJ3: I | AK3: II | AL3: I | AM3: I | AN3: II | AO3: I | AP3: II | AQ3: I | AR3: II | AS3: I | AT3: II | AU3: I | AV3: II | AW3: I | AX3: I | AY3: I | AZ3: II | BA3: I | BB3: II | BC3: I | BD3: II | BE3: I | BF3: II | BG3: I | BH3: II | BI3: I | BJ3: I | BK3: II | BL3: I | BM3: II | BN3: I | BO3: II | BP3: I | BQ3: II | BR3: I | BT3: I | BU3: II
D4: Obereschach | E4: Fischbach | F4: Kappel | G4: Lackendorf | H4: Wurmlingen | I4: Schonach | K4: Tore Vorbereitung 1. Mannschaft | S4: Seedorf I | U4: Tore Pokalspiele 1. Mannschaft | X4: 19.08.2012 SG MaLo I : SV Herrenzimmern I | Y4: 22.08.2012 VfB Bösingen II : SG MaLo I | Z4: 26.08.2012 SG MaLo I : SV Beffendorf I | AA4: 02.09.2012 SV Rötenberg : SG MaLo I | AB4: 09.09.2012 SG MaLo I : SV Winzeln I | AC4: 09.09.2012 SV Winzeln II : SG MaLo II | AD4: 13.09.2012 FV Aichhalden : SG MaLo I | AE4: 16.09.23012 SG MaLo II : FC Dunningen II | AF4: 20.09.2012 Spvgg Stetten-Lackendorf II : SG MaLo II | AG4: 22.09.2012 SG MaLo I : SV Horgen I | AH4: 30.09.2012 FC Dunningen I : SG MaLo I | AI4: 30.09.2012 SG MaLo II : SV Horgen II | AJ4: 07.10.2012 SG MaLo I : TSV Böhringen I | AK4: 07.10.2012 SV Sulgen II : SG MaLo II | AL4: 14.10.2012 FC Dietingen I : SG MaLo I | AM4: 21.10.2012 SG MaLo I : FSV Zepfenhan I | AN4: 21.10.2012 SG MaLo II : SV Waldmössingen II | AO4: 28.10.2012 Türk SV Schramberg I : SG MaLo I | AP4: 28.10.2012 SV Seedorf III : SG MaLo II | AQ4: 04.11.2012 SG MaLo I : Spvgg Oberndorf I | AR4: 04.11.2012 SG MaLo II : FV Aichhalden II | AS4: 11.11.2012 FV Kickers Lauterbach I : SG MaLo I | AT4: 11.11.2012 FV Kickers Lauterbach II : SG MaLo II | AU4: 18.11.2012 SV Herrenzimmern I : SG MaLo I | AV4: 18.11.2012 SV Rötenberg II : SG MaLo II | AW4: 24.11.2012 SG MaLo I : VfB Bösingen II | AX4: 10.03.2013 SV Beffendorf I : SG MaLo I | AY4: 17.03.2013 SG MaLo I : SV Rötenberg I | AZ4: 17.03.2013 SG MaLo II : SV Winzeln II | BA4: 24.03.2013 SV Winzeln I : SG MaLo I | BB4: 24.03.2013 FC Dunningen II : SG MaLo II | BC4: 30.03.2013 2013 SG MaLo I : FV Aichhalden I | BD4: 07.04.2013 SG MaLo II : Spvgg Stetten-Lackendorf II | BE4: 14.04.2013 SV Horgen I : SG MaLo I | BF4: 14.04.2013 SV Horgen II : SG MaLo II | BG4: 21.04.2013 SG MaLo I : FC Dunningen I | BH4: 21.04.2013 SG MaLo II : SV Sulgen II | BI4: 28.04.2013 TSV Böhringen I : SG MaLo I | BJ4: 05.05.2013 SG MaLo I : FC Dietingen I | BK4: 05.05.2013 SV Waldmössingen II : SG MaLo II | BL4: 12.05.2013 FSV Zepfenhan I : SG MaLo I | BM4: 12.05.2013 SG MaLo II : SV Seedorf III | BN4: 26.05.2013 SG MaLo I : Türk SV Schramberg I | BO4: 26.05.2013 FV Aichhalden II : SG MaLo II | BP4: 02.06.2013 Spvgg Oberndorf I : SG MaLo I | BQ4: 02.06.2013 SG MaLo II : FV Kickers Lauterbach II | BR4: 09.06.2013 SG MaLo I : FV Kickers Lauterbach I | BS4: Relegation gegen Rottweil | BT4: Tore 1. Mannschaft | BU4: Tore 2. Mannschaft | CB4: Punktspiele I | CC4: Punktspiele II | CD4: Punktspiele I+II | CE4: Tore Punktspiele I | CF4: Tore Punktspiele II | CG4: Tore Punktspiele I+II | CH4: Freundschaftssp. | CI4: Tore Freundschaftssp. | CJ4: Spiele | CK4: Tore | CL4: Spiele gesamt
A5: Aichele Thomas | B5: L | C5: 109 | D5: 0 | E5: 0 | F5: 0 | G5: 0 | H5: 0 | I5: 0 | K5: 2 | S5: 0 | X5: 0 | Y5: 0 | AA5: 0 | AB5: 0 | AD5: 0 | AG5: 0 | AH5: 0 | AJ5: 0 | BA5: 0 | BJ5: 0 | BN5: 0 | BP5: 0 | BR5: 0 | BS5: 0 | BT5: 3 | CB5: 14 | CC5: 0 | CD5: 14 | CE5: 3 | CF5: 0 | CG5: 3 | CH5: 8 | CI5: 2 | CJ5: 22 | CK5: 5 | CL5: 131
A6: Auber A. | B6: M | C6: 379 | CB6: 0 | CC6: 0 | CD6: 0 | CE6: 0 | CF6: 0 | CG6: 0 | CH6: 0 | CI6: 0 | CJ6: 0 | CK6: 0 | CL6: 379
A7: Augstein M | B7: L | C7: 75 | CB7: 0 | CC7: 0 | CD7: 0 | CE7: 0 | CF7: 0 | CG7: 0 | CH7: 0 | CI7: 0 | CJ7: 0 | CK7: 0 | CL7: 75
A8: Bannert Dirk | B8: L | C8: 60 | CB8: 0 | CC8: 0 | CD8: 0 | CE8: 0 | CF8: 0 | CG8: 0 | CH8: 0 | CI8: 0 | CJ8: 0 | CK8: 0 | CL8: 60
A9: Bekir Kilic | B9: L | C9: 63 | CB9: 0 | CC9: 0 | CD9: 0 | CE9: 0 | CF9: 0 | CG9: 0 | CH9: 0 | CI9: 0 | CJ9: 0 | CK9: 0 | CL9: 63
A10: Binnig Andre | B10: L | C10: 13 | D10: 0 | E10: 0 | F10: 0 | H10: 0 | I10: 0 | S10: 0 | X10: 0 | Y10: 0 | Z10: 0 | AA10: 0 | AB10: 0 | AD10: 0 | AG10: 0 | AH10: 0 | AJ10: 0 | AL10: 0 | AM10: 0 | AQ10: 0 | AS10: 0 | AU10: 0 | AW10: 0 | AX10: 0 | AY10: 0 | BA10: 0 | BC10: 0 | BE10: 0 | BG10: 0 | BI10: 0 | CB10: 22 | CC10: 0 | CD10: 22 | CE10: 0 | CF10: 0 | CG10: 0 | CH10: 6 | CI10: 0 | CJ10: 28 | CK10: 0 | CL10: 41
A11: Bosch M. | B11: L | C11: 118 | D11: 0 | E11: 0 | F11: 0 | G11: 0 | H11: 0 | I11: 0 | K11: 1 | S11: 0 | X11: 0 | Y11: 0 | Z11: 0 | AA11: 0 | AB11: 0 | AD11: 0 | AG11: 0 | AH11: 0 | AJ11: 0 | AL11: 0 | AM11: 0 | AQ11: 0 | AS11: 0 | AU11: 0 | AW11: 0 | AX11: 0 | AY11: 0 | BA11: 0 | BC11: 0 | BE11: 0 | BG11: 0 | BI11: 0 | BJ11: 0 | BN11: 0 | BT11: 3 | CB11: 25 | CC11: 0 | CD11: 25 | CE11: 3 | CF11: 0 | CG11: 3 | CH11: 8 | CI11: 1 | CJ11: 33 | CK11: 4 | CL11: 151
A12: Broghammer Michael | B12: M | C12: 10 | CB12: 0 | CC12: 0 | CD12: 0 | CE12: 0 | CF12: 0 | CG12: 0 | CH12: 0 | CI12: 0 | CJ12: 0 | CK12: 0 | CL12: 10
A13: Czerny A | B13: M | C13: 206 | CB13: 0 | CC13: 0 | CD13: 0 | CE13: 0 | CF13: 0 | CG13: 0 | CH13: 0 | CI13: 0 | CJ13: 0 | CK13: 0 | CL13: 206
A14: Dold Markus | B14: M | C14: 7 | D14: 0 | E14: 0 | F14: 0 | H14: 0 | I14: 0 | X14: 0 | Y14: 0 | Z14: 0 | AB14: 0 | AD14: 0 | AH14: 0 | AJ14: 0 | AU14: 0 | AW14: 0 | CB14: 9 | CC14: 0 | CD14: 9 | CE14: 0 | CF14: 0 | CG14: 0 | CH14: 5 | CI14: 0 | CJ14: 14 | CK14: 0 | CL14: 21
A15: Ebert D. | B15: M | C15: 373 | CB15: 0 | CC15: 0 | CD15: 0 | CE15: 0 | CF15: 0 | CG15: 0 | CH15: 0 | CI15: 0 | CJ15: 0 | CK15: 0 | CL15: 373
A16: Ebert M. | B16: M | C16: 143 | D16: 0 | E16: 0 | F16: 0 | S16: 0 | AA16: 0 | AB16: 0 | AD16: 0 | AG16: 0 | AS16: 0 | AU16: 0 | AY16: 0 | BA16: 0 | BC16: 0 | BE16: 0 | BG16: 0 | BI16: 0 | BJ16: 0 | BL16: 0 | BN16: 0 | BP16: 0 | BS16: 0 | BT16: 2 | CB16: 17 | CC16: 0 | CD16: 17 | CE16: 2 | CF16: 0 | CG16: 2 | CH16: 4 | CI16: 0 | CJ16: 21 | CK16: 2 | CL16: 164
A17: Engesser M. | B17: M | C17: 161 | D17: 0 | E17: 0 | I17: 0 | S17: 0 | AA17: 0 | AB17: 0 | CB17: 2 | CC17: 0 | CD17: 2 | CE17: 0 | CF17: 0 | CG17: 0 | CH17: 4 | CI17: 0 | CJ17: 6 | CK17: 0 | CL17: 167
A18: Ganter F. | B18: M | C18: 380 | CB18: 0 | CC18: 0 | CD18: 0 | CE18: 0 | CF18: 0 | CG18: 0 | CH18: 0 | CI18: 0 | CJ18: 0 | CK18: 0 | CL18: 380
A19: Glase Rico | B19: M | C19: 27 | CB19: 0 | CC19: 0 | CD19: 0 | CE19: 0 | CF19: 0 | CG19: 0 | CH19: 0 | CI19: 0 | CJ19: 0 | CK19: 0 | CL19: 27
A20: Günter Ralf | B20: L | C20: 70 | E20: 0 | G20: 0 | H20: 0 | I20: 0 | S20: 0 | X20: 0 | Z20: 0 | AS20: 0 | AU20: 0 | AW20: 0 | BG20: 0 | BI20: 0 | BJ20: 0 | BP20: 0 | BQ20: 0 | BT20: 1 | CB20: 10 | CC20: 1 | CD20: 11 | CE20: 1 | CF20: 0 | CG20: 1 | CH20: 5 | CI20: 0 | CJ20: 16 | CK20: 1 | CL20: 86
A21: Haberstroh Benny | B21: M | C21: 16 | CB21: 0 | CC21: 0 | CD21: 0 | CE21: 0 | CF21: 0 | CG21: 0 | CH21: 0 | CI21: 0 | CJ21: 0 | CK21: 0 | CL21: 16
A22: Haberstroh Michael | B22: M | C22: 3 | CB22: 0 | CC22: 0 | CD22: 0 | CE22: 0 | CF22: 0 | CG22: 0 | CH22: 0 | CI22: 0 | CJ22: 0 | CK22: 0 | CL22: 3
A23: Haberstroh Raphael | B23: M | C23: 46 | D23: 0 | E23: 0 | F23: 0 | G23: 0 | H23: 0 | I23: 0 | S23: 0 | Y23: 0 | Z23: 0 | AA23: 0 | AB23: 0 | AH23: 0 | AJ23: 0 | AL23: 0 | AM23: 0 | AU23: 0 | AW23: 0 | AX23: 0 | AY23: 0 | BA23: 0 | BC23: 0 | BE23: 0 | BG23: 0 | BI23: 0 | BJ23: 0 | BL23: 0 | BN23: 0 | BS23: 0 | BT23: 1 | CB23: 21 | CC23: 0 | CD23: 21 | CE23: 1 | CF23: 0 | CG23: 1 | CH23: 7 | CI23: 0 | CJ23: 28 | CK23: 1 | CL23: 74
A24: Heilmann M. | B24: M | C24: 243 | CB24: 0 | CC24: 0 | CD24: 0 | CE24: 0 | CF24: 0 | CG24: 0 | CH24: 0 | CI24: 0 | CJ24: 0 | CK24: 0 | CL24: 243
A25: Hornikel A. | B25: M | C25: 336 | CB25: 0 | CC25: 0 | CD25: 0 | CE25: 0 | CF25: 0 | CG25: 0 | CH25: 0 | CI25: 0 | CJ25: 0 | CK25: 0 | CL25: 336
A26: Jäckle M. | B26: M | C26: 274 | CB26: 0 | CC26: 0 | CD26: 0 | CE26: 0 | CF26: 0 | CG26: 0 | CH26: 0 | CI26: 0 | CJ26: 0 | CK26: 0 | CL26: 274
A27: Jaki S. | B27: M | C27: 417 | D27: 0 | E27: 0 | F27: 0 | G27: 0 | I27: 0 | K27: 6 | X27: 0 | Y27: 0 | Z27: 0 | AD27: 0 | AG27: 0 | AH27: 0 | AJ27: 0 | AL27: 0 | AQ27: 0 | AS27: 0 | AX27: 0 | AY27: 0 | BA27: 0 | BC27: 0 | BE27: 0 | BN27: 0 | BO27: 0 | BR27: 0 | BS27: 0 | BT27: 10 | CB27: 18 | CC27: 1 | CD27: 19 | CE27: 10 | CF27: 0 | CG27: 10 | CH27: 6 | CI27: 6 | CJ27: 25 | CK27: 16 | CL27: 442
A28: Jauch Jo. | B28: M | C28: 334 | G28: 0 | H28: 0 | I28: 0 | X28: 0 | Y28: 0 | Z28: 0 | AA28: 0 | AB28: 0 | AD28: 0 | CB28: 6 | CC28: 0 | CD28: 6 | CE28: 0 | CF28: 0 | CG28: 0 | CH28: 3 | CI28: 0 | CJ28: 9 | CK28: 0 | CL28: 343
A29: Jauch Jürgen | B29: M | C29: 214 | CB29: 0 | CC29: 0 | CD29: 0 | CE29: 0 | CF29: 0 | CG29: 0 | CH29: 0 | CI29: 0 | CJ29: 0 | CK29: 0 | CL29: 214
A30: Klausmann M. | B30: M | C30: 253 | CB30: 0 | CC30: 0 | CD30: 0 | CE30: 0 | CF30: 0 | CG30: 0 | CH30: 0 | CI30: 0 | CJ30: 0 | CK30: 0 | CL30: 253
A31: Klein Daniel | B31: M | C31: 106 | AG31: 0 | AH31: 0 | AJ31: 0 | AL31: 0 | AM31: 0 | AQ31: 0 | AS31: 0 | AU31: 0 | AX31: 0 | AY31: 0 | BA31: 0 | BC31: 0 | BE31: 0 | BG31: 0 | BI31: 0 | BJ31: 0 | BL31: 0 | BN31: 0 | BP31: 0 | BR31: 0 | BS31: 0 | CB31: 20 | CC31: 0 | CD31: 20 | CE31: 0 | CF31: 0 | CG31: 0 | CH31: 0 | CI31: 0 | CJ31: 20 | CK31: 0 | CL31: 126
A32: Linder Andreas | B32: L | C32: 35 | CB32: 0 | CC32: 0 | CD32: 0 | CE32: 0 | CF32: 0 | CG32: 0 | CH32: 0 | CI32: 0 | CJ32: 0 | CK32: 0 | CL32: 35
A33: Löffler Marius | B33: L | C33: 28 | E33: 0 | F33: 0 | G33: 0 | H33: 0 | K33: 1 | X33: 0 | Y33: 0 | Z33: 0 | AA33: 0 | AB33: 0 | AD33: 0 | AG33: 0 | AJ33: 0 | AL33: 0 | AM33: 0 | AQ33: 0 | AS33: 0 | AU33: 0 | AW33: 0 | AY33: 0 | BC33: 0 | BE33: 0 | BG33: 0 | BI33: 0 | BJ33: 0 | BP33: 0 | BR33: 0 | BT33: 1 | CB33: 23 | CC33: 0 | CD33: 23 | CE33: 1 | CF33: 0 | CG33: 1 | CH33: 5 | CI33: 1 | CJ33: 28 | CK33: 2 | CL33: 56
A34: Marte Marvin | B34: M | C34: 40 | D34: 0 | E34: 0 | F34: 0 | G34: 0 | H34: 0 | S34: 0 | X34: 0 | Y34: 0 | Z34: 0 | AA34: 0 | AB34: 0 | AD34: 0 | AG34: 0 | AH34: 0 | AJ34: 0 | AL34: 0 | AM34: 0 | AQ34: 0 | AS34: 0 | AU34: 0 | AX34: 0 | AY34: 0 | BC34: 0 | BE34: 0 | BG34: 0 | BI34: 0 | BJ34: 0 | BL34: 0 | BN34: 0 | BP34: 0 | BR34: 0 | BS34: 0 | BT34: 4 | CB34: 26 | CC34: 0 | CD34: 26 | CE34: 4 | CF34: 0 | CG34: 4 | CH34: 6 | CI34: 0 | CJ34: 32 | CK34: 4 | CL34: 72
A35: Moosmann J. | B35: L | C35: 40 | D35: 0 | E35: 0 | F35: 0 | G35: 0 | H35: 0 | AB35: 0 | AD35: 0 | AJ35: 0 | AL35: 0 | AM35: 0 | AQ35: 0 | AS35: 0 | AX35: 0 | BA35: 0 | BC35: 0 | BE35: 0 | BG35: 0 | BI35: 0 | BJ35: 0 | BL35: 0 | BN35: 0 | BP35: 0 | BR35: 0 | BS35: 0 | CB35: 18 | CC35: 0 | CD35: 18 | CE35: 0 | CF35: 0 | CG35: 0 | CH35: 5 | CI35: 0 | CJ35: 23 | CK35: 0 | CL35: 63
A36: Moosmann M. | B36: M | C36: 351 | CB36: 0 | CC36: 0 | CD36: 0 | CE36: 0 | CF36: 0 | CG36: 0 | CH36: 0 | CI36: 0 | CJ36: 0 | CK36: 0 | CL36: 351
A37: Müller Thorsten | B37: M | C37: 6 | CB37: 0 | CC37: 0 | CD37: 0 | CE37: 0 | CF37: 0 | CG37: 0 | CH37: 0 | CI37: 0 | CJ37: 0 | CK37: 0 | CL37: 6
A38: Müller-Kohl, Ricardo | B38: M | C38: 4 | CB38: 0 | CC38: 0 | CD38: 0 | CE38: 0 | CF38: 0 | CG38: 0 | CH38: 0 | CI38: 0 | CJ38: 0 | CK38: 0 | CL38: 4
A39: Murer Matthias | B39: L | C39: 151 | E39: 0 | F39: 0 | G39: 0 | H39: 0 | I39: 0 | S39: 0 | X39: 0 | Y39: 0 | Z39: 0 | AA39: 0 | AB39: 0 | AD39: 0 | AG39: 0 | AJ39: 0 | AL39: 0 | AM39: 0 | AQ39: 0 | AS39: 0 | AW39: 0 | AX39: 0 | AY39: 0 | BA39: 0 | BC39: 0 | BE39: 0 | BG39: 0 | BI39: 0 | BL39: 0 | BP39: 0 | BR39: 0 | BS39: 0 | BT39: 1 | CB39: 24 | CC39: 0 | CD39: 24 | CE39: 1 | CF39: 0 | CG39: 1 | CH39: 6 | CI39: 0 | CJ39: 30 | CK39: 1 | CL39: 181
A40: Oehler Alex | B40: L | C40: 24 | CB40: 0 | CC40: 0 | CD40: 0 | CE40: 0 | CF40: 0 | CG40: 0 | CH40: 0 | CI40: 0 | CJ40: 0 | CK40: 0 | CL40: 24
A41: Oehler Christoph | B41: L | C41: 52 | D41: 0 | I41: 0 | CB41: 0 | CC41: 0 | CD41: 0 | CE41: 0 | CF41: 0 | CG41: 0 | CH41: 2 | CI41: 0 | CJ41: 2 | CK41: 0 | CL41: 54
A42: Pfundstein Andreas | B42: L | C42: 100 | D42: 0 | E42: 0 | G42: 0 | AH42: 0 | AW42: 0 | CB42: 2 | CC42: 0 | CD42: 2 | CE42: 0 | CF42: 0 | CG42: 0 | CH42: 3 | CI42: 0 | CJ42: 5 | CK42: 0 | CL42: 105
A43: Preuss Jonas | B43: M | C43: 107 | D43: 0 | E43: 0 | F43: 0 | G43: 0 | I43: 0 | K43: 4 | S43: 0 | X43: 0 | Y43: 0 | Z43: 0 | AA43: 0 | AB43: 0 | AD43: 0 | AG43: 0 | AH43: 0 | AJ43: 0 | AL43: 0 | AM43: 0 | AQ43: 0 | AS43: 0 | AU43: 0 | AW43: 0 | AX43: 0 | AY43: 0 | AZ43: 0 | BG43: 0 | BJ43: 0 | BL43: 0 | BN43: 0 | BP43: 0 | BR43: 0 | BS43: 0 | BT43: 8 | CB43: 24 | CC43: 1 | CD43: 25 | CE43: 8 | CF43: 0 | CG43: 8 | CH43: 7 | CI43: 4 | CJ43: 32 | CK43: 12 | CL43: 139
A44: Preuss Philip | B44: M | C44: 40 | CB44: 0 | CC44: 0 | CD44: 0 | CE44: 0 | CF44: 0 | CG44: 0 | CH44: 0 | CI44: 0 | CJ44: 0 | CK44: 0 | CL44: 40
A45: Reuter J. | B45: M | C45: 82 | AG45: 0 | AH45: 0 | AL45: 0 | AM45: 0 | AQ45: 0 | AS45: 0 | AU45: 0 | AX45: 0 | AY45: 0 | BA45: 0 | BC45: 0 | BE45: 0 | BG45: 0 | BI45: 0 | BJ45: 0 | BL45: 0 | BN45: 0 | BP45: 0 | BR45: 0 | BS45: 0 | CB45: 19 | CC45: 0 | CD45: 19 | CE45: 0 | CF45: 0 | CG45: 0 | CH45: 0 | CI45: 0 | CJ45: 19 | CK45: 0 | CL45: 101
A46: Roeder | B46: M | C46: 68 | CB46: 0 | CC46: 0 | CD46: 0 | CE46: 0 | CF46: 0 | CG46: 0 | CH46: 0 | CI46: 0 | CJ46: 0 | CK46: 0 | CL46: 68
A47: Ruoff Ulli | B47: L | C47: 106 | D47: 0 | BL47: 0 | BN47: 0 | BR47: 0 | CB47: 3 | CC47: 0 | CD47: 3 | CE47: 0 | CF47: 0 | CG47: 0 | CH47: 1 | CI47: 0 | CJ47: 4 | CK47: 0 | CL47: 110
A48: Schaumann Seb | B48: M | C48: 3 | D48: 0 | E48: 0 | F48: 0 | H48: 0 | BT48: 1 | CB48: 1 | CC48: 0 | CD48: 1 | CE48: 1 | CF48: 0 | CG48: 1 | CH48: 4 | CI48: 0 | CJ48: 5 | CK48: 1 | CL48: 8
A49: Schwenk Kevin | B49: L | C49: 53 | D49: 0 | E49: 0 | F49: 0 | G49: 0 | H49: 0 | I49: 0 | S49: 0 | X49: 0 | Y49: 0 | Z49: 0 | AL49: 0 | AM49: 0 | AU49: 0 | AX49: 0 | AY49: 0 | BA49: 0 | BC49: 0 | BG49: 0 | BI49: 0 | BJ49: 0 | BL49: 0 | BN49: 0 | BP49: 0 | BR49: 0 | BS49: 0 | CB49: 17 | CC49: 0 | CD49: 17 | CE49: 0 | CF49: 0 | CG49: 0 | CH49: 7 | CI49: 0 | CJ49: 24 | CK49: 0 | CL49: 77
A50: Staiger Elmar | B50: L | C50: 73 | CB50: 0 | CC50: 0 | CD50: 0 | CE50: 0 | CF50: 0 | CG50: 0 | CH50: 0 | CI50: 0 | CJ50: 0 | CK50: 0 | CL50: 73
A51: Staiger Tobias | B51: L | C51: 161 | D51: 0 | E51: 0 | F51: 0 | G51: 0 | H51: 0 | I51: 0 | K51: 7 | S51: 0 | U51: 2 | X51: 0 | Y51: 0 | Z51: 0 | AA51: 0 | AB51: 0 | AD51: 0 | AG51: 0 | AH51: 0 | AJ51: 0 | AL51: 0 | AM51: 0 | AQ51: 0 | AX51: 0 | AY51: 0 | BA51: 0 | BE51: 0 | BG51: 0 | BI51: 0 | BJ51: 0 | BL51: 0 | BN51: 0 | BP51: 0 | BR51: 0 | BS51: 0 | BT51: 10 | CB51: 24 | CC51: 0 | CD51: 24 | CE51: 10 | CF51: 0 | CG51: 10 | CH51: 9 | CI51: 9 | CJ51: 33 | CK51: 19 | CL51: 194
A52: Stein Matthias | B52: L | C52: 8 | CB52: 0 | CC52: 0 | CD52: 0 | CE52: 0 | CF52: 0 | CG52: 0 | CH52: 0 | CI52: 0 | CJ52: 0 | CK52: 0 | CL52: 8
A53: Stern Alexander | B53: M | C53: 6 | D53: 0 | E53: 0 | F53: 0 | H53: 0 | CB53: 0 | CC53: 0 | CD53: 0 | CE53: 0 | CF53: 0 | CG53: 0 | CH53: 4 | CI53: 0 | CJ53: 4 | CK53: 0 | CL53: 10
A54: Storz Tobi | B54: M | C54: 107 | CB54: 0 | CC54: 0 | CD54: 0 | CE54: 0 | CF54: 0 | CG54: 0 | CH54: 0 | CI54: 0 | CJ54: 0 | CK54: 0 | CL54: 107
A55: Tramnitz Christoph | B55: L | C55: 37 | F55: 0 | X55: 0 | Y55: 0 | Z55: 0 | AD55: 0 | AG55: 0 | AH55: 0 | AJ55: 0 | AL55: 0 | AM55: 0 | AQ55: 0 | AS55: 0 | AU55: 0 | BS55: 0 | BT55: 1 | CB55: 13 | CC55: 0 | CD55: 13 | CE55: 1 | CF55: 0 | CG55: 1 | CH55: 1 | CI55: 0 | CJ55: 14 | CK55: 1 | CL55: 51
A56: Verino Roberto | B56: M | C56: 57 | E56: 0 | AH56: 0 | AM56: 0 | AQ56: 0 | AS56: 0 | AU56: 0 | AW56: 0 | AX56: 0 | AY56: 0 | BA56: 0 | BC56: 0 | BE56: 0 | BJ56: 0 | BL56: 0 | BN56: 0 | BP56: 0 | BR56: 0 | BS56: 0 | CB56: 16 | CC56: 0 | CD56: 16 | CE56: 0 | CF56: 0 | CG56: 0 | CH56: 1 | CI56: 0 | CJ56: 17 | CK56: 0 | CL56: 74
A57: Zehnder Matze | B57: M | C57: 9 | CB57: 0 | CC57: 0 | CD57: 0 | CE57: 0 | CF57: 0 | CG57: 0 | CH57: 0 | CI57: 0 | CJ57: 0 | CK57: 0 | CL57: 9
A59: Anzahl Spieler | D59: 18 | E59: 19 | F59: 17 | G59: 14 | H59: 15 | I59: 14 | J59: 0 | K59: 6 | L59: 0 | M59: 0 | N59: 0 | O59: 0 | P59: 0 | Q59: 0 | R59: 0 | S59: 12 | T59: 0 | U59: 1 | V59: 0 | X59: 14 | Y59: 14 | Z59: 14 | AA59: 12 | AB59: 14 | AC59: 0 | AD59: 14 | AE59: 0 | AF59: 0 | AG59: 13 | AH59: 14 | AI59: 0 | AJ59: 14 | AK59: 0 | AL59: 14 | AM59: 14 | AN59: 0 | AO59: 0 | AP59: 0 | AQ59: 13 | AR59: 0 | AS59: 14 | AT59: 0 | AU59: 14 | AV59: 0 | AW59: 10 | AX59: 13 | AY59: 14 | AZ59: 1 | BA59: 13 | BB59: 0 | BC59: 13 | BD59: 0 | BE59: 13 | BF59: 0 | BG59: 14 | BH59: 0 | BI59: 13 | BJ59: 14 | BK59: 0 | BL59: 12 | BM59: 0 | BN59: 13 | BO59: 1 | BP59: 12 | BQ59: 1 | BR59: 12 | BS59: 13 | BT59: 13 | BU59: 0 | BV59: 0 | BW59: 0 | BX59: 0 | BY59: 0 | BZ59: 0 | CA59: 0
A60: Anzahl Tore | D60: 0 | E60: 0 | F60: 0 | G60: 0 | H60: 0 | I60: 0 | J60: 0 | K60: 21 | L60: 0 | M60: 0 | N60: 0 | O60: 0 | P60: 0 | Q60: 0 | R60: 0 | S60: 0 | T60: 0 | U60: 2 | V60: 0 | X60: 0 | Y60: 0 | Z60: 0 | AA60: 0 | AB60: 0 | AC60: 0 | AD60: 0 | AE60: 0 | AF60: 0 | AG60: 0 | AH60: 0 | AI60: 0 | AJ60: 0 | AK60: 0 | AL60: 0 | AM60: 0 | AN60: 0 | AO60: 0 | AP60: 0 | AQ60: 0 | AR60: 0 | AS60: 0 | AT60: 0 | AU60: 0 | AV60: 0 | AW60: 0 | AX60: 0 | AY60: 0 | AZ60: 0 | BA60: 0 | BB60: 0 | BC60: 0 | BD60: 0 | BE60: 0 | BF60: 0 | BG60: 0 | BH60: 0 | BI60: 0 | BJ60: 0 | BK60: 0 | BL60: 0 | BM60: 0 | BN60: 0 | BO60: 0 | BP60: 0 | BQ60: 0 | BR60: 0 | BS60: 0 | BT60: 46 | BU60: 0 | BV60: 0 | BW60: 0 | BX60: 0 | BY60: 0 | BZ60: 0 | CA60: 0 | CE60: 46 | CF60: 0 | CG60: 46 | CI60: 23 | CK60: 69

Sheet 13-14
E1: Saison 13/14
A2: Spieler | C2: Spiele bisher | D2: Freundschaftsspiele | R2: Pokalspiele | X2: Punktspiele | CB2: Anzahl
F3: I | G3: I | H3: I | I3: I | J3: I | R3: I | S3: I | T3: I | U3: II | V3: II | W3: II | X3: I | Y3: I | Z3: I | AA3: I | AB3: I | AC3: I | AD3: I | AE3: I | AF3: I | AG3: I | AH3: I | AI3: I | AJ3: I | AK3: I | AL3: I | AM3: I | AN3: I | AO3: I | AP3: I | AQ3: I | AR3: I | AS3: I | AT3: I | AU3: I | AV3: I | AW3: I | AX3: I | AY3: I | AZ3: I | BA3: I | BE3: II | BF3: II | BG3: II | BH3: II | BI3: II | BJ3: II | BK3: II | BL3: II | BM3: II | BN3: II | BO3: II | BP3: II | BQ3: II | BR3: II | BS3: II | BT3: II | BU3: II | BV3: II
F4: 28.07.2013 SpVgg Schiltach : SG MaLo I | G4: 03.08.2013 SG MaLo I : SpVgg Oberndorf | H4: 11.08.2013 SG MaLo - FC Schonach | I4: 18.08.2013 SV Niedereschach - SG MaLo | J4: 22.02.2014 Spvgg Stetten-Lackendorf - SG MaLo | R4: 28.08.2013 Spvgg Oberndorf - SG MaLo | S4: 03.10.2013 SV Herrenzimmern - SG MaLo | T4: 21.04.2014 SG MaLo - SV Irslingen | U4: 28.08.2013 SG MaLo - SV Gosheim | V4: 01.10.2013 FC Dunningen - SG MaLo | W4: 20.03.2014 SG MaLo - SV Wurmlingen | X4: 18.08.2013 Spielfrei | Y4: 21.08.2013 SGMaLo I - FSV Schwenningen | Z4: 25.08.2013 SV Winzeln SG MaLo | AA4: 01.09.2013 SG MaLa - SV Beffendorf | AB4: 08.09.2013 SV Sulgen - SG MaLo | AC4: 15.09.2013 SG MaLo - FV Aichhalden | AD4: 19.09.2013 FC Dunningen - SG MaLo | AE4: 22.09.2013 SG MaLo - FV08 Rottweil II | AF4: 28.09.2013 FV Diestingen - SG MaLo | AG4: 06.10.2013 SG MaLo - SV Herrenzimmern | AH4: 13.10.2013 FSV Zepfenhahn - SG MaLo | AI4: 01.11.2013 SG MaLo - FV Kickers Lauterbach | AJ4: 03.04.2014 SV Horgen - SG MaLo | AK4: 03.11.2013 SG MaLo - SV Zimmern | AL4: 16.03.2014 SV Rötenberg - SG MaLo | AM4: 17.11.2013 Spielfrei | AN4: 23.11.2013FSV Schwenningen - SG MaLo | AO4: 23.03.2014 SG MaLo - SV Winzeln | AP4: 30.03.2014 SV Beffendorf - SG MaLo | AQ4: 06.04.2014 SG MaLo - SV Sulgen | AR4: 13.04.2014 FV Aichhalden - SG MaLo | AS4: 19.04.2014 SG MaLo - FC Dunningen | AT4: 27.04.2014 FV08 Rottweil II - SG MaLo | AU4: 30.04.2014 SG MaLo - FC Dietingen | AV4: 04.05.2014 SV Herrenzimmern - SG MaLo | AW4: 11.05.2014 SG MaLo - FSV Zepfenhan | AX4: 18.05.2014 FV Kickers Lauterbach - SG MaLo | AY4: 25.05.2014 SG MaLo - SV Horgen | AZ4: 01.06.2014 SV Zimmern - SG MaLo | BA4: 07.06.2014 SG MaLo - SV Rötenberg | BE4: 15.09.2013 SG MaLo - SV Winzeln | BF4: 22.09.2013 Spvgg. Stetten-Lackendorf - SG MaLo | BG4: 28.09.2013 SV Seedorf III - SG MaLo | BH4: 06.10.2013 SG MaLo - FV Aichhalden | BI4: 13.10.2013 FC Dunningen - SG MaLo | BJ4: 17.04.2014 SG MaLo - AV Herrenzimmern | BK4: 17.11.2013 FV Kickers Lauterbach - SG MaLo | BL4: 19.04.2014 SG MaLo - SV Horgen | BM4: 30.03.2014 SV Rötenberg - SG MaLo | BN4: 06.04.2014 SV Winzeln - SG MaLo | BO4: 13.04.2014 SG MaLo - Spvgg Stetten Lackendorf | BP4: 26.04.2014 SG MaLo - SV Seedorf | BQ4: 04.05.2014 FV Aichhalden - SG MaLo | BR4: 11.05.2014 SG MaLo - FC Dunningen | BS4: 18.05.2014 SV Herrenzimmern SG MaLo | BT4: 25.05.2014 SG MaLo - FV Kickers Lauterbach | BU4: 01.06.2014 SV Horgen - SG MaLo | BV4: 07.06.2014 SG MaLo - SV Rötenberg | CB4: Punktspiele I | CC4: Punktspiele II | CD4: Punktspiele I+II | CE4: Tore Punktspiele I | CF4: Tore Punktspiele II | CG4: Tore Punktspiele I+II | CH4: Freundschaftssp. | CI4: Tore Freundschaftssp. | CJ4: Spiele | CK4: Tore | CL4: Spiele gesamt
A5: Aichele Thomas | B5: L | C5: 131 | CB5: 0 | CC5: 0 | CD5: 0 | CE5: 0 | CF5: 0 | CG5: 0 | CH5: 0 | CI5: 0 | CJ5: 0 | CK5: 0 | CL5: 131
A6: Auber Armin | H6: 0 | U6: 0 | BE6: 0 | BF6: 0 | BG6: 0 | BL6: 1 | BN6: 0 | BO6: 0 | CB6: 0 | CC6: 6 | CD6: 6 | CE6: 0 | CF6: 1 | CG6: 1 | CH6: 2 | CI6: 0 | CJ6: 8 | CK6: 1 | CL6: 8
A7: Auber Axel | B7: M | C7: 379 | CB7: 0 | CC7: 0 | CD7: 0 | CE7: 0 | CF7: 0 | CG7: 0 | CH7: 0 | CI7: 0 | CJ7: 0 | CK7: 0 | CL7: 379
A8: Augstein M | B8: L | C8: 75 | U8: 0 | BE8: 0 | BF8: 0 | CB8: 0 | CC8: 2 | CD8: 2 | CE8: 0 | CF8: 0 | CG8: 0 | CH8: 1 | CI8: 0 | CJ8: 3 | CK8: 0 | CL8: 78
A9: Bannert Dirk | B9: L | C9: 60 | CB9: 0 | CC9: 0 | CD9: 0 | CE9: 0 | CF9: 0 | CG9: 0 | CH9: 0 | CI9: 0 | CJ9: 0 | CK9: 0 | CL9: 60
A10: Bekir Kilic | B10: L | C10: 63 | BL10: 0 | CB10: 0 | CC10: 1 | CD10: 1 | CE10: 0 | CF10: 0 | CG10: 0 | CH10: 0 | CI10: 0 | CJ10: 1 | CK10: 0 | CL10: 64
A11: Benner, Florian | F11: 0 | H11: 0 | J11: 0 | R11: 0 | S11: 0 | T11: 0 | Y11: 0 | Z11: 0 | AA11: 0 | AB11: 0 | AC11: 0 | AD11: 0 | AE11: 0 | AF11: 0 | AG11: 0 | AH11: 0 | AI11: 0 | AJ11: 0 | AK11: 0 | AN11: 0 | AP11: 0 | AQ11: 0 | AR11: 0 | AS11: 0 | AT11: 0 | AU11: 0 | AV11: 0 | CB11: 21 | CC11: 0 | CD11: 21 | CE11: 0 | CF11: 0 | CG11: 0 | CH11: 6 | CI11: 0 | CJ11: 27 | CK11: 0 | CL11: 27
A12: Binnig Andre | B12: L | C12: 41 | F12: 0 | I12: 0 | R12: 0 | S12: 0 | T12: 0 | AA12: 0 | AI12: 0 | AJ12: 0 | AK12: 0 | AL12: 0 | AN12: 0 | AP12: 0 | AQ12: 0 | AR12: 0 | BG12: 0 | BH12: 0 | BI12: 0 | BQ12: 0 | CB12: 9 | CC12: 4 | CD12: 13 | CE12: 0 | CF12: 0 | CG12: 0 | CH12: 5 | CI12: 0 | CJ12: 18 | CK12: 0 | CL12: 59
A13: Bosch M. | B13: L | C13: 151 | F13: 0 | H13: 0 | I13: 0 | J13: 1 | R13: 1 | T13: 1 | V13: 0 | W13: 0 | Y13: 0 | Z13: 0 | AA13: 0 | AD13: 0 | AF13: 0 | AH13: 0 | AI13: 0 | AJ13: 0 | AK13: 0 | AN13: 0 | AP13: 0 | AR13: 0 | AS13: 0 | AT13: 0 | AU13: 0 | AV13: 0 | BE13: 0 | BF13: 0 | BH13: 2 | CB13: 16 | CC13: 3 | CD13: 19 | CE13: 0 | CF13: 2 | CG13: 2 | CH13: 8 | CI13: 3 | CJ13: 27 | CK13: 5 | CL13: 178
A14: Broghammer Michael | B14: M | C14: 10 | H14: 0 | BE14: 0 | BG14: 0 | CB14: 0 | CC14: 2 | CD14: 2 | CE14: 0 | CF14: 0 | CG14: 0 | CH14: 1 | CI14: 0 | CJ14: 3 | CK14: 0 | CL14: 13
A15: Coraci Davide | U15: 0 | V15: 0 | W15: 0 | BE15: 0 | BF15: 0 | BG15: 0 | BI15: 0 | BJ15: 0 | BL15: 0 | BM15: 0 | BO15: 0 | BP15: 0 | BQ15: 0 | CB15: 0 | CC15: 10 | CD15: 10 | CE15: 0 | CF15: 0 | CG15: 0 | CH15: 3 | CI15: 0 | CJ15: 13 | CK15: 0 | CL15: 13
A16: Czerny A | B16: M | C16: 206 | U16: 0 | W16: 0 | BE16: 0 | BF16: 0 | BH16: 0 | BJ16: 0 | BK16: 0 | BM16: 0 | BO16: 0 | BP16: 0 | CB16: 0 | CC16: 8 | CD16: 8 | CE16: 0 | CF16: 0 | CG16: 0 | CH16: 2 | CI16: 0 | CJ16: 10 | CK16: 0 | CL16: 216
A17: Dereck Christian | S17: 0 | W17: 0 | AH17: 0 | AI17: 0 | AK17: 0 | AN17: 0 | BE17: 0 | BF17: 0 | BG17: 0 | BH17: 0 | BJ17: 0 | BK17: 0 | BM17: 0 | BN17: 0 | BO17: 0 | BQ17: 0 | CB17: 4 | CC17: 10 | CD17: 14 | CE17: 0 | CF17: 0 | CG17: 0 | CH17: 2 | CI17: 0 | CJ17: 16 | CK17: 0 | CL17: 16
A18: Dold Markus | B18: M | C18: 21 | J18: 0 | R18: 0 | T18: 0 | V18: 0 | Y18: 0 | Z18: 0 | AA18: 0 | AB18: 0 | AC18: 0 | AE18: 0 | AF18: 0 | AG18: 0 | AH18: 0 | AI18: 0 | AJ18: 0 | AK18: 0 | AL18: 1 | AN18: 1 | AP18: 0 | AQ18: 1 | AR18: 0 | AS18: 0 | AU18: 0 | AV18: 0 | CB18: 20 | CC18: 0 | CD18: 20 | CE18: 3 | CF18: 0 | CG18: 3 | CH18: 4 | CI18: 0 | CJ18: 24 | CK18: 3 | CL18: 45
A19: Ebert D. | B19: M | C19: 373 | H19: 0 | BG19: 0 | BI19: 0 | BL19: 0 | BN19: 0 | CB19: 0 | CC19: 4 | CD19: 4 | CE19: 0 | CF19: 0 | CG19: 0 | CH19: 1 | CI19: 0 | CJ19: 5 | CK19: 0 | CL19: 378
A20: Ebert M. | B20: M | C20: 164 | H20: 0 | I20: 0 | S20: 0 | T20: 0 | Y20: 0 | AC20: 0 | AD20: 0 | AF20: 0 | AG20: 0 | AI20: 1 | AJ20: 0 | AL20: 0 | AN20: 0 | AP20: 0 | AQ20: 0 | AS20: 0 | AT20: 0 | AU20: 0 | AV20: 0 | CB20: 15 | CC20: 0 | CD20: 15 | CE20: 1 | CF20: 0 | CG20: 1 | CH20: 4 | CI20: 0 | CJ20: 19 | CK20: 1 | CL20: 183
A21: Engesser M. | B21: M | C21: 167 | CB21: 0 | CC21: 0 | CD21: 0 | CE21: 0 | CF21: 0 | CG21: 0 | CH21: 0 | CI21: 0 | CJ21: 0 | CK21: 0 | CL21: 167
A22: Ettwein Kevin | V22: 0 | BE22: 0 | BH22: 0 | BI22: 0 | BK22: 0 | CB22: 0 | CC22: 4 | CD22: 4 | CE22: 0 | CF22: 0 | CG22: 0 | CH22: 1 | CI22: 0 | CJ22: 5 | CK22: 0 | CL22: 5
A23: Ettwein Dennis | H23: 0 | J23: 0 | S23: 0 | U23: 0 | V23: 0 | W23: 0 | BE23: 0 | BG23: 0 | BH23: 0 | BK23: 0 | BQ23: 0 | CB23: 0 | CC23: 5 | CD23: 5 | CE23: 0 | CF23: 0 | CG23: 0 | CH23: 6 | CI23: 0 | CJ23: 11 | CK23: 0 | CL23: 11
A24: Ganter F. | B24: M | C24: 380 | AH24: 0 | BK24: 0 | CB24: 1 | CC24: 1 | CD24: 2 | CE24: 0 | CF24: 0 | CG24: 0 | CH24: 0 | CI24: 0 | CJ24: 2 | CK24: 0 | CL24: 382
A25: Glase Rico | B25: M | C25: 27 | BH25: 0 | BO25: 0 | BP25: 0 | CB25: 0 | CC25: 3 | CD25: 3 | CE25: 0 | CF25: 0 | CG25: 0 | CH25: 0 | CI25: 0 | CJ25: 3 | CK25: 0 | CL25: 30
A26: Günter Ralf | B26: L | C26: 86 | F26: 0 | H26: 0 | I26: 0 | J26: 0 | R26: 0 | T26: 0 | Y26: 0 | Z26: 0 | AA26: 0 | AB26: 0 | AI26: 0 | AJ26: 0 | AK26: 0 | AL26: 0 | AN26: 0 | AP26: 1 | AQ26: 0 | AS26: 0 | AT26: 0 | BI26: 0 | CB26: 13 | CC26: 1 | CD26: 14 | CE26: 1 | CF26: 0 | CG26: 1 | CH26: 6 | CI26: 0 | CJ26: 20 | CK26: 1 | CL26: 106
A27: Haberstroh Benny | B27: M | C27: 16 | CB27: 0 | CC27: 0 | CD27: 0 | CE27: 0 | CF27: 0 | CG27: 0 | CH27: 0 | CI27: 0 | CJ27: 0 | CK27: 0 | CL27: 16
A28: Haberstroh Michael | B28: M | C28: 3 | CB28: 0 | CC28: 0 | CD28: 0 | CE28: 0 | CF28: 0 | CG28: 0 | CH28: 0 | CI28: 0 | CJ28: 0 | CK28: 0 | CL28: 3
A29: Haberstroh Raphael | B29: M | C29: 74 | F29: 0 | I29: 0 | J29: 0 | R29: 0 | T29: 0 | V29: 3 | W29: 1 | Y29: 0 | Z29: 0 | AA29: 0 | AB29: 0 | AC29: 0 | AD29: 0 | AE29: 0 | AF29: 0 | AG29: 0 | AH29: 0 | AS29: 0 | AT29: 0 | AU29: 0 | AV29: 0 | BJ29: 1 | BL29: 0 | BM29: 2 | BO29: 0 | BP29: 0 | CB29: 14 | CC29: 5 | CD29: 19 | CE29: 0 | CF29: 3 | CG29: 3 | CH29: 7 | CI29: 4 | CJ29: 26 | CK29: 7 | CL29: 100
A30: Heilmann M. | B30: M | C30: 243 | CB30: 0 | CC30: 0 | CD30: 0 | CE30: 0 | CF30: 0 | CG30: 0 | CH30: 0 | CI30: 0 | CJ30: 0 | CK30: 0 | CL30: 243
A31: Hornikel A. | B31: M | C31: 336 | CB31: 0 | CC31: 0 | CD31: 0 | CE31: 0 | CF31: 0 | CG31: 0 | CH31: 0 | CI31: 0 | CJ31: 0 | CK31: 0 | CL31: 336
A32: Jäckle M. | B32: M | C32: 274 | CB32: 0 | CC32: 0 | CD32: 0 | CE32: 0 | CF32: 0 | CG32: 0 | CH32: 0 | CI32: 0 | CJ32: 0 | CK32: 0 | CL32: 274
A33: Jaki S. | B33: M | C33: 442 | H33: 0 | U33: 1 | BE33: 3 | BF33: 1 | BG33: 2 | BI33: 0 | BJ33: 0 | BK33: 0 | BO33: 0 | BP33: 0 | CB33: 0 | CC33: 8 | CD33: 8 | CE33: 0 | CF33: 6 | CG33: 6 | CH33: 2 | CI33: 1 | CJ33: 10 | CK33: 7 | CL33: 452
A34: Jauch Jo. | B34: M | C34: 343 | CB34: 0 | CC34: 0 | CD34: 0 | CE34: 0 | CF34: 0 | CG34: 0 | CH34: 0 | CI34: 0 | CJ34: 0 | CK34: 0 | CL34: 343
A35: Jauch Jürgen | B35: M | C35: 214 | CB35: 0 | CC35: 0 | CD35: 0 | CE35: 0 | CF35: 0 | CG35: 0 | CH35: 0 | CI35: 0 | CJ35: 0 | CK35: 0 | CL35: 214
A36: Klausmann M. | B36: M | C36: 253 | CB36: 0 | CC36: 0 | CD36: 0 | CE36: 0 | CF36: 0 | CG36: 0 | CH36: 0 | CI36: 0 | CJ36: 0 | CK36: 0 | CL36: 253
A37: Klein Daniel | B37: M | C37: 126 | F37: 0 | H37: 0 | T37: 0 | U37: 0 | V37: 0 | Y37: 0 | Z37: 0 | BE37: 0 | BF37: 0 | BG37: 0 | BH37: 0 | BI37: 0 | BK37: 0 | BL37: 0 | BM37: 0 | BN37: 0 | BO37: 0 | BP37: 0 | BQ37: 0 | CB37: 2 | CC37: 12 | CD37: 14 | CE37: 0 | CF37: 0 | CG37: 0 | CH37: 5 | CI37: 0 | CJ37: 19 | CK37: 0 | CL37: 145
A38: Linder Andreas | B38: L | C38: 35 | W38: 0 | BH38: 0 | BI38: 0 | BJ38: 0 | BL38: 0 | BM38: 0 | BN38: 0 | BO38: 0 | BP38: 0 | BQ38: 0 | CB38: 0 | CC38: 9 | CD38: 9 | CE38: 0 | CF38: 0 | CG38: 0 | CH38: 1 | CI38: 0 | CJ38: 10 | CK38: 0 | CL38: 45
A39: Löffler Marius | B39: L | C39: 56 | F39: 0 | H39: 0 | I39: 0 | J39: 0 | R39: 1 | T39: 0 | V39: 0 | Y39: 0 | Z39: 2 | AA39: 0 | AB39: 0 | AC39: 0 | AD39: 0 | AE39: 0 | AF39: 0 | AG39: 0 | AH39: 0 | AI39: 0 | AJ39: 0 | AK39: 0 | AL39: 1 | AN39: 0 | AP39: 0 | AQ39: 0 | AR39: 0 | AS39: 0 | AT39: 0 | AU39: 0 | AV39: 0 | CB39: 22 | CC39: 0 | CD39: 22 | CE39: 3 | CF39: 0 | CG39: 3 | CH39: 7 | CI39: 1 | CJ39: 29 | CK39: 4 | CL39: 85
A40: Marte Marvin | B40: M | C40: 72 | F40: 0 | I40: 0 | J40: 0 | R40: 0 | S40: 0 | Y40: 0 | Z40: 1 | AA40: 0 | AB40: 0 | AC40: 0 | AD40: 1 | AE40: 0 | AF40: 0 | AG40: 0 | AI40: 0 | AJ40: 0 | AK40: 0 | AL40: 0 | AN40: 0 | AP40: 0 | AQ40: 1 | AR40: 0 | AT40: 0 | AU40: 0 | AV40: 0 | CB40: 20 | CC40: 0 | CD40: 20 | CE40: 3 | CF40: 0 | CG40: 3 | CH40: 5 | CI40: 0 | CJ40: 25 | CK40: 3 | CL40: 97
A41: Moosmann J. | B41: L | C41: 63 | F41: 1 | H41: 0 | I41: 0 | R41: 0 | V41: 0 | Y41: 0 | Z41: 0 | AA41: 0 | AB41: 0 | AC41: 0 | AD41: 0 | AE41: 0 | AF41: 0 | AG41: 0 | AH41: 0 | CB41: 10 | CC41: 0 | CD41: 10 | CE41: 0 | CF41: 0 | CG41: 0 | CH41: 5 | CI41: 1 | CJ41: 15 | CK41: 1 | CL41: 78
A42: Moosmann M. | B42: M | C42: 351 | CB42: 0 | CC42: 0 | CD42: 0 | CE42: 0 | CF42: 0 | CG42: 0 | CH42: 0 | CI42: 0 | CJ42: 0 | CK42: 0 | CL42: 351
A43: Müller Andre | W43: 0 | BJ43: 0 | BL43: 0 | BM43: 0 | BN43: 0 | BO43: 0 | BP43: 0 | BQ43: 0 | CB43: 0 | CC43: 7 | CD43: 7 | CE43: 0 | CF43: 0 | CG43: 0 | CH43: 1 | CI43: 0 | CJ43: 8 | CK43: 0 | CL43: 8
A44: Müller Thorsten | B44: M | C44: 6 | F44: 0 | I44: 0 | J44: 0 | U44: 0 | V44: 0 | W44: 0 | BE44: 0 | BF44: 0 | BH44: 0 | BJ44: 0 | BK44: 0 | BL44: 0 | BM44: 1 | BN44: 0 | BP44: 0 | BQ44: 0 | CB44: 0 | CC44: 10 | CD44: 10 | CE44: 0 | CF44: 1 | CG44: 1 | CH44: 6 | CI44: 0 | CJ44: 16 | CK44: 1 | CL44: 22
A45: Müller-Kohl, Ricardo | B45: M | C45: 4 | CB45: 0 | CC45: 0 | CD45: 0 | CE45: 0 | CF45: 0 | CG45: 0 | CH45: 0 | CI45: 0 | CJ45: 0 | CK45: 0 | CL45: 4
A46: Murer Matthias | B46: L | C46: 181 | I46: 0 | S46: 1 | U46: 0 | W46: 0 | AC46: 2 | AD46: 0 | AE46: 0 | AG46: 0 | BI46: 0 | BJ46: 0 | BK46: 0 | BL46: 0 | BM46: 0 | BN46: 0 | BO46: 0 | BP46: 0 | BQ46: 0 | CB46: 4 | CC46: 9 | CD46: 13 | CE46: 2 | CF46: 0 | CG46: 2 | CH46: 4 | CI46: 1 | CJ46: 17 | CK46: 3 | CL46: 198
A47: Oehler Alex | B47: L | C47: 24 | CB47: 0 | CC47: 0 | CD47: 0 | CE47: 0 | CF47: 0 | CG47: 0 | CH47: 0 | CI47: 0 | CJ47: 0 | CK47: 0 | CL47: 24
A48: Oehler Christoph | B48: L | C48: 54 | CB48: 0 | CC48: 0 | CD48: 0 | CE48: 0 | CF48: 0 | CG48: 0 | CH48: 0 | CI48: 0 | CJ48: 0 | CK48: 0 | CL48: 54
A49: Pfundstein Andreas | B49: L | C49: 105 | H49: 1 | I49: 0 | CB49: 0 | CC49: 0 | CD49: 0 | CE49: 0 | CF49: 0 | CG49: 0 | CH49: 2 | CI49: 1 | CJ49: 2 | CK49: 1 | CL49: 107
A50: Preuss Jeremias | F50: 0 | I50: 0 | J50: 0 | R50: 0 | S50: 0 | T50: 0 | Z50: 0 | AB50: 0 | AD50: 0 | AE50: 0 | AF50: 0 | AG50: 0 | AH50: 0 | AI50: 0 | AJ50: 0 | AK50: 0 | AL50: 0 | AN50: 4 | AP50: 0 | AQ50: 0 | AR50: 1 | AS50: 0 | AT50: 0 | AU50: 0 | AV50: 0 | BE50: 0 | CB50: 19 | CC50: 1 | CD50: 20 | CE50: 5 | CF50: 0 | CG50: 5 | CH50: 6 | CI50: 0 | CJ50: 26 | CK50: 5 | CL50: 26
A51: Preuss Jonas | B51: M | C51: 139 | F51: 1 | I51: 1 | J51: 0 | R51: 0 | S51: 0 | T51: 0 | Y51: 0 | Z51: 0 | AA51: 0 | AB51: 1 | AC51: 2 | AD51: 0 | AE51: 0 | AF51: 0 | AG51: 0 | AH51: 0 | AI51: 1 | AK51: 0 | AL51: 0 | AN51: 1 | AP51: 0 | AQ51: 0 | AR51: 2 | AS51: 0 | AT51: 0 | AU51: 0 | AV51: 0 | BK51: 0 | CB51: 21 | CC51: 1 | CD51: 22 | CE51: 7 | CF51: 0 | CG51: 7 | CH51: 6 | CI51: 2 | CJ51: 28 | CK51: 9 | CL51: 167
A52: Preuss Philip | B52: M | C52: 40 | S52: 0 | U52: 0 | V52: 0 | W52: 0 | BF52: 0 | BG52: 0 | BH52: 0 | BJ52: 0 | BL52: 0 | BM52: 0 | BN52: 0 | BP52: 0 | BQ52: 0 | CB52: 0 | CC52: 9 | CD52: 9 | CE52: 0 | CF52: 0 | CG52: 0 | CH52: 4 | CI52: 0 | CJ52: 13 | CK52: 0 | CL52: 53
A53: Reuter J. | B53: M | C53: 101 | H53: 0 | I53: 0 | J53: 0 | S53: 0 | Z53: 0 | AB53: 0 | AC53: 0 | AE53: 0 | AF53: 0 | AG53: 0 | AH53: 0 | AI53: 0 | AK53: 0 | AN53: 1 | AR53: 0 | AS53: 0 | AT53: 0 | AV53: 0 | BN53: 0 | BP53: 0 | CB53: 14 | CC53: 2 | CD53: 16 | CE53: 1 | CF53: 0 | CG53: 1 | CH53: 4 | CI53: 0 | CJ53: 20 | CK53: 1 | CL53: 121
A54: Roeder | B54: M | C54: 68 | BG54: 0 | BM54: 0 | CB54: 0 | CC54: 2 | CD54: 2 | CE54: 0 | CF54: 0 | CG54: 0 | CH54: 0 | CI54: 0 | CJ54: 2 | CK54: 0 | CL54: 70
A55: Ruoff Ulli | B55: L | C55: 110 | U55: 1 | V55: 0 | W55: 0 | BE55: 0 | BF55: 0 | BG55: 0 | BH55: 0 | BI55: 0 | BJ55: 0 | BK55: 0 | BL55: 0 | BM55: 0 | BO55: 0 | BQ55: 0 | CB55: 0 | CC55: 11 | CD55: 11 | CE55: 0 | CF55: 0 | CG55: 0 | CH55: 3 | CI55: 1 | CJ55: 14 | CK55: 1 | CL55: 124
A56: Schaumann Seb | B56: M | C56: 8 | H56: 2 | I56: 1 | J56: 1 | R56: 1 | S56: 0 | T56: 0 | Y56: 0 | Z56: 0 | AA56: 0 | AB56: 0 | AC56: 0 | AD56: 0 | AE56: 0 | AH56: 0 | AJ56: 0 | AL56: 0 | AP56: 0 | AQ56: 0 | AR56: 0 | AS56: 1 | AT56: 0 | AU56: 0 | AV56: 0 | CB56: 17 | CC56: 0 | CD56: 17 | CE56: 1 | CF56: 0 | CG56: 1 | CH56: 6 | CI56: 5 | CJ56: 23 | CK56: 6 | CL56: 31
A57: Schwenk Kevin | B57: L | C57: 77 | F57: 0 | I57: 0 | T57: 0 | V57: 0 | W57: 0 | Y57: 0 | AC57: 0 | AD57: 0 | AE57: 0 | AF57: 0 | AG57: 0 | AL57: 0 | BI57: 0 | BJ57: 0 | BK57: 0 | BL57: 1 | BN57: 0 | BO57: 0 | BP57: 0 | BQ57: 0 | CB57: 7 | CC57: 8 | CD57: 15 | CE57: 0 | CF57: 1 | CG57: 1 | CH57: 5 | CI57: 0 | CJ57: 20 | CK57: 1 | CL57: 97
A58: Sekinger Fabian | U58: 1 | V58: 0 | BF58: 0 | BG58: 0 | BH58: 0 | BI58: 0 | BJ58: 0 | BK58: 0 | BM58: 0 | BN58: 0 | BO58: 0 | BQ58: 0 | CB58: 0 | CC58: 10 | CD58: 10 | CE58: 0 | CF58: 0 | CG58: 0 | CH58: 2 | CI58: 1 | CJ58: 12 | CK58: 1 | CL58: 12
A59: Staiger Elmar | B59: L | C59: 73 | CB59: 0 | CC59: 0 | CD59: 0 | CE59: 0 | CF59: 0 | CG59: 0 | CH59: 0 | CI59: 0 | CJ59: 0 | CK59: 0 | CL59: 73
A60: Staiger Tobias | B60: L | C60: 194 | J60: 0 | S60: 1 | T60: 1 | U60: 2 | W60: 1 | AA60: 0 | AB60: 0 | AC60: 3 | AD60: 0 | AE60: 0 | AF60: 0 | AG60: 2 | AH60: 0 | AI60: 2 | AJ60: 0 | AK60: 0 | AL60: 1 | AN60: 0 | AP60: 0 | AQ60: 0 | AR60: 0 | AS60: 0 | AT60: 0 | AU60: 0 | AV60: 0 | CB60: 20 | CC60: 0 | CD60: 20 | CE60: 8 | CF60: 0 | CG60: 8 | CH60: 5 | CI60: 5 | CJ60: 25 | CK60: 13 | CL60: 219
A61: Stein Matthias | B61: L | C61: 8 | CB61: 0 | CC61: 0 | CD61: 0 | CE61: 0 | CF61: 0 | CG61: 0 | CH61: 0 | CI61: 0 | CJ61: 0 | CK61: 0 | CL61: 8
A62: Stern Alexander | B62: M | C62: 10 | F62: 0 | I62: 0 | J62: 0 | R62: 0 | S62: 0 | W62: 0 | AA62: 0 | AB62: 0 | AC62: 0 | AD62: 0 | AE62: 0 | AF62: 0 | AG62: 0 | AH62: 0 | AI62: 0 | AJ62: 0 | AK62: 0 | AL62: 0 | AN62: 0 | AP62: 0 | AQ62: 0 | AR62: 0 | AS62: 0 | AT62: 0 | AU62: 0 | AV62: 0 | BJ62: 0 | CB62: 20 | CC62: 1 | CD62: 21 | CE62: 0 | CF62: 0 | CG62: 0 | CH62: 6 | CI62: 0 | CJ62: 27 | CK62: 0 | CL62: 37
A63: Storz Tobi | B63: M | C63: 107 | CB63: 0 | CC63: 0 | CD63: 0 | CE63: 0 | CF63: 0 | CG63: 0 | CH63: 0 | CI63: 0 | CJ63: 0 | CK63: 0 | CL63: 107
A64: Tramnitz Christoph | B64: L | C64: 51 | F64: 1 | R64: 0 | Y64: 0 | Z64: 0 | AA64: 0 | AB64: 0 | AJ64: 0 | AK64: 0 | AL64: 0 | AP64: 0 | AQ64: 0 | AR64: 0 | AU64: 0 | BG64: 0 | BK64: 1 | CB64: 11 | CC64: 2 | CD64: 13 | CE64: 0 | CF64: 1 | CG64: 1 | CH64: 2 | CI64: 1 | CJ64: 15 | CK64: 2 | CL64: 66
A65: Verino Roberto | B65: M | C65: 74 | F65: 0 | H65: 0 | I65: 0 | T65: 0 | AJ65: 0 | AL65: 0 | AQ65: 0 | AR65: 0 | AS65: 0 | AT65: 0 | AU65: 0 | AV65: 0 | CB65: 8 | CC65: 0 | CD65: 8 | CE65: 0 | CF65: 0 | CG65: 0 | CH65: 4 | CI65: 0 | CJ65: 12 | CK65: 0 | CL65: 86
A66: Zehnder Matze | B66: M | C66: 9 | U66: 0 | BF66: 0 | BH66: 0 | BL66: 1 | BM66: 0 | BN66: 0 | BP66: 0 | BQ66: 0 | CB66: 0 | CC66: 7 | CD66: 7 | CE66: 0 | CF66: 1 | CG66: 1 | CH66: 1 | CI66: 0 | CJ66: 8 | CK66: 1 | CL66: 17
A68: Anzahl Spieler | D68: 0 | E68: 0 | F68: 16 | G68: 0 | H68: 16 | I68: 18 | J68: 15 | K68: 0 | L68: 0 | M68: 0 | N68: 0 | O68: 0 | P68: 0 | Q68: 0 | R68: 14 | S68: 14 | T68: 15 | U68: 14 | V68: 14 | W68: 15 | X68: 0 | Y68: 14 | Z68: 14 | AA68: 14 | AB68: 14 | AC68: 14 | AD68: 14 | AE68: 14 | AF68: 14 | AG68: 14 | AH68: 14 | AI68: 14 | AJ68: 14 | AK68: 14 | AL68: 14 | AM68: 0 | AN68: 14 | AO68: 0 | AP68: 14 | AQ68: 14 | AR68: 14 | AS68: 14 | AT68: 14 | AU68: 14 | AV68: 14 | AW68: 0 | AX68: 0 | AY68: 0 | AZ68: 0 | BA68: 0 | BB68: 0 | BC68: 0 | BD68: 0 | BE68: 14 | BF68: 13 | BG68: 14 | BH68: 14 | BI68: 12 | BJ68: 14 | BK68: 14 | BL68: 14 | BM68: 14 | BN68: 13 | BO68: 14 | BP68: 14 | BQ68: 14 | BR68: 0 | BS68: 0 | BT68: 0 | BU68: 0 | BV68: 0 | BW68: 0 | BX68: 0 | BY68: 0 | BZ68: 0 | CA68: 0
A69: Anzahl Tore | D69: 0 | E69: 0 | F69: 3 | G69: 3 | H69: 2 | I69: 2 | J69: 0 | K69: 0 | L69: 0 | M69: 0 | N69: 0 | O69: 0 | P69: 0 | Q69: 0 | R69: 3 | S69: 2 | T69: 2 | U69: 5 | V69: 3 | X69: 0 | Y69: 0 | Z69: 3 | AA69: 0 | AB69: 1 | AC69: 7 | AD69: 1 | AE69: 0 | AF69: 0 | AG69: 2 | AH69: 0 | AI69: 4 | AJ69: 0 | AK69: 0 | AL69: 3 | AM69: 0 | AN69: 7 | AO69: 0 | AP69: 1 | AQ69: 2 | AR69: 3 | AS69: 1 | AT69: 0 | AU69: 0 | AV69: 0 | AW69: 0 | AX69: 0 | AY69: 0 | AZ69: 0 | BA69: 0 | BB69: 0 | BC69: 0 | BD69: 0 | BE69: 3 | BF69: 1 | BG69: 2 | BH69: 2 | BI69: 0 | BJ69: 1 | BK69: 1 | BL69: 3 | BM69: 3 | BN69: 0 | BO69: 0 | BP69: 0 | BQ69: 0 | BR69: 0 | BS69: 0 | BT69: 0 | BU69: 0 | BV69: 0 | BW69: 0 | BX69: 0 | BY69: 0 | BZ69: 0 | CA69: 0 | CE69: 35 | CF69: 15 | CG69: 50 | CI69: 27 | CK69: 77

Sheet 14-15
E1: Saison 14/15
A2: Spieler | C2: Spiele bisher | D2: Freundschaftsspiele | R2: Pokalspiele | X2: Punktspiele | CB2: Anzahl
D3: I | E3: I | F3: I | G3: I | H3: I | I3: I | J3: I | L3: II | M3: II | N3: II | O3: II | P3: II | Q3: II | R3: II | T3: I | U3: II | V3: II | X3: I | Y3: I | Z3: I | AA3: I | AB3: I | AC3: I | AD3: I | AE3: I | AF3: I | AG3: I | AH3: I | AI3: I | AJ3: I | AK3: I | AL3: I | AM3: I | AN3: I | AO3: I | AP3: I | AQ3: I | AR3: I | AS3: I | AT3: I | AU3: I | AV3: I | AW3: I | AX3: I | AY3: I | AZ3: I | BA3: I | BE3: II | BF3: II | BG3: II | BH3: II | BI3: II | BJ3: II | BK3: II | BL3: II | BM3: II | BN3: II | BO3: II | BP3: II | BQ3: II | BR3: II | BS3: II | BT3: II | BU3: II | BV3: II | BW3: II | BX3: II | BY3: II | BZ3: II
D4: Fr, 18.07.14 SGM Locherhof/Mariazell : FC Neuhausen | E4: Mi, 23.07.14 SGM Locherhof/Mariazell : SV Schapbach | F4: Sa, 09.08.14 SGM Locherhof/Mariazell : FV Tennenbronn 2 | G4: SGM Locherhof/Mariazell : FV Tennenbronn (abgesagt) | H4: Sa, 21.02.15 SV Schapbach : SGM Locherhof/Mariazell | I4: Mi, 04.03.15 FV Tennenbronn 2 : SGM Locherhof/Mariazell | J4: Di, 10.03.15 FC Kirnbach : SGM Locherhof/Mariazell | L4: So, 03.08.14 SGM Locherhof/Mariazell II : FC Epfendorf II | M4: So, 10.08.14 SGM Locherhof/Mariazell II : Spvgg Bochingen II | N4: Mi, 13.08.14 SGM Locherhof/Mariazell II : FV Kickers Lauterbach II | O4: So, 31.08.14 SGM Locherhof/Mariazell II : SV Horgen II | P4: So, 22.02.15 SGM Locherhof/Mariazell II : FC Epfendorf II (abg.) | Q4: So, 08.03.15 FV Kickers Lauterbach II : SGM Locherhof/Mariazell II | R4: So, 15.03.15 SGM Locherhof/Mariazell II : Spvgg Bochingen II (abg.) | T4: Sa, 16.08.14 SGM Locherhof/Mariazell : SV Villingendorf | U4: Mi, 03.09.14 SGM Locherhof/Mariazell II : SV Fridingen | V4: Mi, 08.10.14 SGM Locherhof/Mariazell II : SGM Aichhalden/Rötenberg | X4: So, 24.08.14 SGM Locherhof/Mariazell : SV Horgen | Y4: Mi, 27.08.14 SV Irslingen : SGM Locherhof/Mariazell | Z4: So, 31.08.14 SGM Locherhof/Mariazell : SGM Aichhalden/Rötenberg | AA4: Sa, 06.09.14 SV Beffendorf : SGM Locherhof/Mariazell | AB4: So, 14.09.14 SGM Locherhof/Mariazell : SV Herrenzimmern | AC4: Do, 18.09.14 FSV Zepfenhan : SGM Locherhof/Mariazell | AD4: So, 21.09.14 SGM Locherhof/Mariazell : FC Hardt | AE4: So, 28.09.14 SV Zimmern o.R. II : SGM Locherhof/Mariazell | AF4: So, 05.10.14 FV Kickers Lauterbach : SGM Locherhof/Mariazell | AG4: So, 12.10.14 SGM Locherhof/Mariazell : FC Dietingen | AH4: So, 19.10.14 SC Lindenhof : SGM Locherhof/Mariazell | AI4: So, 26.10.14 SGM Locherhof/Mariazell : FV 08 Rottweil II | AJ4: So, 02.11.14 TG Rottweil-Altstadt : SGM Locherhof/Mariazell | AK4: So, 09.11.14 SGM Locherhof/Mariazell : SV Winzeln | AL4: So, 16.11.14 Spvgg Stetten-Lackendorf : SGM Locherhof/Mariazell | AM4: Fr, 21.11.14 SV Horgen : SGM Locherhof/Mariazell | AN4: So, 30.11.14 SGM Locherhof/Mariazell : SV Irslingen | AO4: So, 15.03.15 SGM Aichhalden/Rötenberg : SGM Locherhof/Mariazell | AP4: So, 22.03.15 SGM Locherhof/Mariazell : SV Beffendorf | AQ4: So, 29.03.15 SV Herrenzimmern : SGM Locherhof/Mariazell | AR4: Sa, 04.04.15 SGM Locherhof/Mariazell : FSV Zepfenhan | AS4: So, 12.04.15 FC Hardt : SGM Locherhof/Mariazell | AT4: So, 19.04.15 SGM Locherhof/Mariazell : SV Zimmern o.R. II | AU4: So, 26.04.15 SGM Locherhof/Mariazell : FV Kickers Lauterbach | AV4: So, 03.05.15 FC Dietingen : SGM Locherhof/Mariazell | AW4: So, 10.05.15 SGM Locherhof/Mariazell : SC Lindenhof | AX4: So, 17.05.15 FV 08 Rottweil II : SGM Locherhof/Mariazell | AY4: Sa, 23.05.15 SGM Locherhof/Mariazell : TG Rottweil-Altstadt | AZ4: So, 31.05.15 SV Winzeln : SGM Locherhof/Mariazell | BA4: So, 07.06.15 SGM Locherhof/Mariazell : Spvgg Stetten-Lackendorf | BE4: So, 07.09.14 SGM Locherhof/Mariazell II : SV Herrenzimmern II | BF4: So, 14.09.14 SV Winzeln II : SGM Locherhof/Mariazell II | BG4: So, 21.09.14 SGM Locherhof/Mariazell II : FC Hardt II | BH4: So, 28.09.14 Spvgg Stetten-Lackendorf II : SGM Locherhof/Mariazell II | BI4: So, 05.10.14 SGM Locherhof/Mariazell II : SV Sulgen II | BJ4: So, 12.10.14 FC Dunningen II : SGM Locherhof/Mariazell II | BK4: So, 19.10.14 SC Lindenhof II : SGM Locherhof/Mariazell II | BL4: Sa, 25.10.14 SGM Beffendorf/Bösingen : SGM Locherhof/Mariazell II | BM4: So, 02.11.14 SGM Locherhof/Mariazell II : Spvgg Oberndorf II | BN4: So, 09.11.14 SGM Locherhof/Mariazell II : Türk SV Schramberg | BO4: So, 16.11.14 SGM Aichhalden/Rötenberg III : SGM Locherhof/Mariazell II | BP4: Sa, 22.11.14 SV Herrenzimmern II : SGM Locherhof/Mariazell II | BQ4: So, 22.03.15 SGM Locherhof/Mariazell II : SV Winzeln II | BR4: So, 29.03.15 FC Hardt II : SGM Locherhof/Mariazell II | BS4: So, 12.04.15 SGM Locherhof/Mariazell II : Spvgg Stetten-Lackendorf II | BT4: So, 19.04.15 SV Sulgen II : SGM Locherhof/Mariazell II | BU4: So, 26.04.15 SGM Locherhof/Mariazell II : FC Dunningen II | BV4: So, 03.05.15 SGM Locherhof/Mariazell II : SC Lindenhof II | BW4: Mi, 20.05.15 SGM Locherhof/Mariazell II : SGM Beffendorf/Bösingen | BX4: So, 17.05.15 Spvgg Oberndorf II : SGM Locherhof/Mariazell II | BY4: So, 31.05.15 Türk SV Schramberg : SGM Locherhof/Mariazell II | BZ4: So, 07.06.15 SGM Locherhof/Mariazell II : SGM Aichhalden/Rötenberg III | CB4: Punktspiele I | CC4: Punktspiele II | CD4: Punktspiele I+II | CE4: Tore Punktspiele I | CF4: Tore Punktspiele II | CG4: Tore Punktspiele I+II | CH4: Freundschaftssp. | CI4: Tore Freundschaftssp. | CJ4: Spiele | CK4: Tore | CL4: Spiele gesamt
A5: Aichele Thomas | B5: L | C5: 131 | CB5: 0 | CC5: 0 | CD5: 0 | CE5: 0 | CF5: 0 | CG5: 0 | CH5: 0 | CI5: 0 | CJ5: 0 | CK5: 0 | CL5: 131
A6: Auber Armin | B6: M | C6: 14 | AT6: 0 | BE6: 0 | BG6: 0 | BI6: 0 | BJ6: 0 | BQ6: 1 | BR6: 0 | BS6: 0 | BT6: 0 | CB6: 1 | CC6: 8 | CD6: 9 | CE6: 0 | CF6: 1 | CG6: 1 | CH6: 0 | CI6: 0 | CJ6: 9 | CK6: 1 | CL6: 23
A7: Auber Axel | B7: M | C7: 382 | CB7: 0 | CC7: 0 | CD7: 0 | CE7: 0 | CF7: 0 | CG7: 0 | CH7: 0 | CI7: 0 | CJ7: 0 | CK7: 0 | CL7: 382
A8: Augstein M | B8: L | C8: 265 | BZ8: 0 | CB8: 0 | CC8: 1 | CD8: 1 | CE8: 0 | CF8: 0 | CG8: 0 | CH8: 0 | CI8: 0 | CJ8: 1 | CK8: 0 | CL8: 266
A9: Bannert Dirk | B9: L | C9: 273 | CB9: 0 | CC9: 0 | CD9: 0 | CE9: 0 | CF9: 0 | CG9: 0 | CH9: 0 | CI9: 0 | CJ9: 0 | CK9: 0 | CL9: 273
A10: Bekir Kilic | B10: L | C10: 137 | CB10: 0 | CC10: 0 | CD10: 0 | CE10: 0 | CF10: 0 | CG10: 0 | CH10: 0 | CI10: 0 | CJ10: 0 | CK10: 0 | CL10: 137
A11: Benner, Florian | B11: M | C11: 37 | J11: 0 | L11: 0 | M11: 0 | Q11: 0 | AC11: 0 | AN11: 0 | BE11: 0 | BF11: 0 | BG11: 1 | BH11: 1 | BI11: 0 | BJ11: 0 | BK11: 0 | BL11: 0 | BM11: 1 | BN11: 0 | BO11: 0 | BP11: 0 | BU11: 0 | BV11: 0 | BW11: 0 | BX11: 0 | CB11: 2 | CC11: 16 | CD11: 18 | CE11: 0 | CF11: 3 | CG11: 3 | CH11: 4 | CI11: 0 | CJ11: 22 | CK11: 3 | CL11: 59
A12: Binnig Andre | B12: L | C12: 68 | D12: 0 | E12: 0 | F12: 0 | H12: 0 | L12: 0 | N12: 0 | T12: 0 | V12: 0 | X12: 0 | Y12: 0 | Z12: 0 | AA12: 0 | AB12: 0 | AC12: 0 | AD12: 0 | AM12: 0 | AN12: 0 | AY12: 0 | BA12: 0 | BH12: 0 | BI12: 0 | BJ12: 0 | BL12: 0 | BM12: 0 | BN12: 0 | BO12: 0 | BP12: 0 | BU12: 0 | BV12: 1 | BW12: 0 | BX12: 0 | BY12: 0 | CB12: 11 | CC12: 13 | CD12: 24 | CE12: 0 | CF12: 1 | CG12: 1 | CH12: 8 | CI12: 0 | CJ12: 32 | CK12: 1 | CL12: 100
A13: Bosch M. | B13: L | C13: 391 | D13: 0 | E13: 0 | F13: 0 | H13: 0 | I13: 0 | J13: 0 | L13: 0 | M13: 0 | AA13: 0 | AB13: 0 | AC13: 0 | AD13: 0 | AE13: 0 | AF13: 0 | AG13: 0 | AH13: 0 | AI13: 0 | AJ13: 0 | AK13: 0 | AL13: 0 | AM13: 0 | AO13: 0 | AP13: 0 | AQ13: 0 | AR13: 0 | AW13: 0 | BW13: 0 | BY13: 0 | BZ13: 0 | CB13: 18 | CC13: 3 | CD13: 21 | CE13: 0 | CF13: 0 | CG13: 0 | CH13: 8 | CI13: 0 | CJ13: 29 | CK13: 0 | CL13: 420
A14: Broghammer Michael | B14: M | C14: 25 | CB14: 0 | CC14: 0 | CD14: 0 | CE14: 0 | CF14: 0 | CG14: 0 | CH14: 0 | CI14: 0 | CJ14: 0 | CK14: 0 | CL14: 25
A15: Coraci Davide | B15: L | C15: 25 | L15: 0 | M15: 0 | O15: 2 | Q15: 0 | T15: 0 | V15: 1 | BE15: 0 | BF15: 0 | BH15: 0 | BI15: 0 | BK15: 1 | BL15: 0 | BM15: 0 | BN15: 0 | BP15: 0 | BZ15: 0 | CB15: 0 | CC15: 10 | CD15: 10 | CE15: 0 | CF15: 1 | CG15: 1 | CH15: 6 | CI15: 3 | CJ15: 16 | CK15: 4 | CL15: 41
A16: Czerny A | B16: M | C16: 218 | V16: 0 | BF16: 0 | BJ16: 0 | BO16: 0 | BS16: 0 | BT16: 0 | BX16: 0 | BY16: 0 | BZ16: 0 | CB16: 0 | CC16: 8 | CD16: 8 | CE16: 0 | CF16: 0 | CG16: 0 | CH16: 1 | CI16: 0 | CJ16: 9 | CK16: 0 | CL16: 227
A17: Dereck Christian | B17: M | C17: 25 | L17: 0 | M17: 0 | O17: 0 | Q17: 0 | V17: 0 | AT17: 0 | AU17: 0 | BA17: 0 | BE17: 0 | BF17: 0 | BG17: 1 | BH17: 2 | BI17: 0 | BK17: 0 | BL17: 0 | BM17: 1 | BN17: 0 | BP17: 0 | BQ17: 0 | BR17: 0 | BS17: 2 | BV17: 0 | BW17: 0 | BX17: 0 | BY17: 0 | CB17: 3 | CC17: 17 | CD17: 20 | CE17: 0 | CF17: 6 | CG17: 6 | CH17: 5 | CI17: 0 | CJ17: 25 | CK17: 6 | CL17: 50
A18: Dold Markus | B18: M | C18: 56 | D18: 0 | E18: 0 | F18: 0 | H18: 0 | I18: 0 | J18: 0 | X18: 0 | Y18: 0 | Z18: 1 | AA18: 0 | AB18: 0 | AC18: 0 | AD18: 0 | AE18: 0 | AF18: 0 | AG18: 0 | AH18: 0 | AI18: 0 | AJ18: 0 | AK18: 0 | AL18: 0 | AM18: 0 | AN18: 0 | AO18: 0 | AP18: 0 | AQ18: 0 | AS18: 0 | AT18: 1 | AU18: 0 | AV18: 0 | AW18: 0 | AX18: 0 | AY18: 1 | AZ18: 0 | CB18: 28 | CC18: 0 | CD18: 28 | CE18: 3 | CF18: 0 | CG18: 3 | CH18: 6 | CI18: 0 | CJ18: 34 | CK18: 3 | CL18: 90
A19: Ebert D. | B19: M | C19: 383 | BQ19: 0 | BZ19: 0 | CB19: 0 | CC19: 2 | CD19: 2 | CE19: 0 | CF19: 0 | CG19: 0 | CH19: 0 | CI19: 0 | CJ19: 2 | CK19: 0 | CL19: 385
A20: Ebert M. | B20: M | C20: 199 | H20: 0 | I20: 0 | J20: 0 | L20: 0 | N20: 0 | Q20: 0 | T20: 0 | X20: 0 | Y20: 0 | AA20: 0 | AB20: 0 | AC20: 0 | AD20: 0 | AE20: 1 | AF20: 0 | AG20: 0 | AH20: 0 | AI20: 0 | AJ20: 0 | AK20: 0 | AL20: 0 | AM20: 0 | AN20: 0 | AO20: 0 | AP20: 0 | AQ20: 0 | AR20: 0 | AS20: 0 | AU20: 0 | AV20: 0 | AW20: 0 | AX20: 0 | AY20: 0 | AZ20: 1 | BA20: 0 | CB20: 28 | CC20: 0 | CD20: 28 | CE20: 2 | CF20: 0 | CG20: 2 | CH20: 7 | CI20: 0 | CJ20: 35 | CK20: 2 | CL20: 234
A21: Engesser M. | B21: M | C21: 167 | CB21: 0 | CC21: 0 | CD21: 0 | CE21: 0 | CF21: 0 | CG21: 0 | CH21: 0 | CI21: 0 | CJ21: 0 | CK21: 0 | CL21: 167
A22: Ettwein Kevin | B22: L | C22: 8 | CB22: 0 | CC22: 0 | CD22: 0 | CE22: 0 | CF22: 0 | CG22: 0 | CH22: 0 | CI22: 0 | CJ22: 0 | CK22: 0 | CL22: 8
A23: Ettwein Dennis | B23: L | C23: 27 | L23: 0 | M23: 0 | N23: 0 | O23: 0 | BE23: 0 | CB23: 0 | CC23: 1 | CD23: 1 | CE23: 0 | CF23: 0 | CG23: 0 | CH23: 4 | CI23: 0 | CJ23: 5 | CK23: 0 | CL23: 32
A24: Ganter F. | B24: M | C24: 400 | BJ24: 0 | CB24: 0 | CC24: 1 | CD24: 1 | CE24: 0 | CF24: 0 | CG24: 0 | CH24: 0 | CI24: 0 | CJ24: 1 | CK24: 0 | CL24: 401
A25: Glase Rico | B25: M | C25: 40 | Q25: 0 | CB25: 0 | CC25: 0 | CD25: 0 | CE25: 0 | CF25: 0 | CG25: 0 | CH25: 1 | CI25: 0 | CJ25: 1 | CK25: 0 | CL25: 41
A26: Günter Ralf | B26: L | C26: 125 | D26: 0 | E26: 0 | F26: 0 | H26: 0 | I26: 0 | J26: 0 | L26: 0 | O26: 0 | AB26: 0 | AC26: 0 | AD26: 0 | AE26: 0 | AF26: 0 | AG26: 0 | AH26: 0 | AJ26: 0 | AK26: 0 | AL26: 0 | AN26: 0 | AO26: 0 | AQ26: 0 | AR26: 0 | AS26: 0 | AT26: 0 | AU26: 0 | AV26: 0 | AW26: 0 | AX26: 0 | AY26: 0 | AZ26: 0 | BE26: 0 | BL26: 0 | BN26: 0 | BP26: 0 | CB26: 22 | CC26: 4 | CD26: 26 | CE26: 0 | CF26: 0 | CG26: 0 | CH26: 8 | CI26: 0 | CJ26: 34 | CK26: 0 | CL26: 159
A27: Haberstroh Benny | B27: M | C27: 19 | CB27: 0 | CC27: 0 | CD27: 0 | CE27: 0 | CF27: 0 | CG27: 0 | CH27: 0 | CI27: 0 | CJ27: 0 | CK27: 0 | CL27: 19
A28: Haberstroh Michael | B28: M | C28: 6 | CB28: 0 | CC28: 0 | CD28: 0 | CE28: 0 | CF28: 0 | CG28: 0 | CH28: 0 | CI28: 0 | CJ28: 0 | CK28: 0 | CL28: 6
A29: Haberstroh Raphael | B29: M | C29: 112 | E29: 0 | F29: 0 | J29: 0 | M29: 0 | Q29: 0 | X29: 0 | Y29: 0 | Z29: 0 | AA29: 0 | AB29: 0 | AC29: 0 | AD29: 0 | AE29: 0 | AF29: 0 | AN29: 0 | AO29: 0 | AT29: 0 | AU29: 0 | AV29: 0 | AW29: 0 | AX29: 0 | AY29: 0 | AZ29: 0 | BA29: 0 | BK29: 1 | BL29: 0 | BM29: 1 | BN29: 0 | BO29: 1 | BR29: 0 | CB29: 19 | CC29: 6 | CD29: 25 | CE29: 0 | CF29: 3 | CG29: 3 | CH29: 5 | CI29: 0 | CJ29: 30 | CK29: 3 | CL29: 142
A30: Hauser Marcel | B30: L | C30: 1 | H30: 0 | L30: 0 | M30: 0 | O30: 0 | V30: 0 | BE30: 0 | BF30: 0 | BG30: 0 | BH30: 0 | BI30: 0 | BJ30: 0 | BK30: 0 | BM30: 0 | BN30: 0 | BO30: 0 | BP30: 0 | BQ30: 0 | BR30: 0 | BS30: 0 | BT30: 0 | BU30: 0 | BV30: 0 | BW30: 0 | BX30: 0 | BY30: 0 | BZ30: 0 | CB30: 0 | CC30: 21 | CD30: 21 | CE30: 0 | CF30: 0 | CG30: 0 | CH30: 5 | CI30: 0 | CJ30: 26 | CK30: 0 | CL30: 27
A31: Heilmann M. | B31: M | C31: 245 | CB31: 0 | CC31: 0 | CD31: 0 | CE31: 0 | CF31: 0 | CG31: 0 | CH31: 0 | CI31: 0 | CJ31: 0 | CK31: 0 | CL31: 245
A32: Hornikel A. | B32: M | C32: 339 | CB32: 0 | CC32: 0 | CD32: 0 | CE32: 0 | CF32: 0 | CG32: 0 | CH32: 0 | CI32: 0 | CJ32: 0 | CK32: 0 | CL32: 339
A33: Jäckle M. | B33: M | C33: 276 | CB33: 0 | CC33: 0 | CD33: 0 | CE33: 0 | CF33: 0 | CG33: 0 | CH33: 0 | CI33: 0 | CJ33: 0 | CK33: 0 | CL33: 276
A34: Jaki S. | B34: M | C34: 456 | N34: 0 | T34: 0 | X34: 0 | Y34: 1 | Z34: 0 | AA34: 0 | AD34: 0 | AE34: 0 | AF34: 0 | AG34: 1 | AH34: 0 | AI34: 0 | AJ34: 1 | AK34: 1 | AL34: 0 | AM34: 2 | BG34: 0 | CB34: 14 | CC34: 1 | CD34: 15 | CE34: 6 | CF34: 0 | CG34: 6 | CH34: 2 | CI34: 0 | CJ34: 17 | CK34: 6 | CL34: 473
A35: Jauch Jo. | B35: M | C35: 355 | BZ35: 0 | CB35: 0 | CC35: 1 | CD35: 1 | CE35: 0 | CF35: 0 | CG35: 0 | CH35: 0 | CI35: 0 | CJ35: 1 | CK35: 0 | CL35: 356
A36: Jauch Jürgen | B36: M | C36: 216 | CB36: 0 | CC36: 0 | CD36: 0 | CE36: 0 | CF36: 0 | CG36: 0 | CH36: 0 | CI36: 0 | CJ36: 0 | CK36: 0 | CL36: 216
A37: Kimmich Simeon | C37: 0 | BZ37: 0 | CB37: 0 | CC37: 1 | CD37: 1 | CE37: 0 | CF37: 0 | CG37: 0 | CH37: 0 | CI37: 0 | CJ37: 1 | CK37: 0 | CL37: 1
A38: Klausmann M. | B38: M | C38: 253 | CB38: 0 | CC38: 0 | CD38: 0 | CE38: 0 | CF38: 0 | CG38: 0 | CH38: 0 | CI38: 0 | CJ38: 0 | CK38: 0 | CL38: 253
A39: Kuner Matthias | C39: 2 | L39: 0 | O39: 0 | Q39: 0 | AC39: 0 | AU39: 0 | AX39: 0 | AZ39: 0 | BA39: 0 | BF39: 0 | BH39: 0 | BK39: 0 | BM39: 0 | BN39: 0 | BO39: 1 | BP39: 0 | BQ39: 1 | BS39: 1 | BT39: 0 | BV39: 0 | CB39: 5 | CC39: 11 | CD39: 16 | CE39: 0 | CF39: 3 | CG39: 3 | CH39: 3 | CI39: 0 | CJ39: 19 | CK39: 3 | CL39: 21
A40: Klein Daniel | B40: M | C40: 156 | J40: 0 | L40: 0 | N40: 0 | O40: 0 | Q40: 0 | T40: 0 | X40: 0 | BE40: 0 | BF40: 0 | BG40: 0 | BH40: 0 | BI40: 0 | BJ40: 0 | BK40: 0 | BL40: 0 | BM40: 0 | BN40: 0 | BO40: 0 | BP40: 0 | BQ40: 0 | BR40: 0 | BS40: 0 | BT40: 0 | BU40: 0 | BV40: 0 | BW40: 0 | BX40: 0 | BY40: 0 | BZ40: 0 | CB40: 1 | CC40: 22 | CD40: 23 | CE40: 0 | CF40: 0 | CG40: 0 | CH40: 6 | CI40: 0 | CJ40: 29 | CK40: 0 | CL40: 185
A41: Linder Andreas | B41: L | C41: 60 | L41: 0 | M41: 0 | N41: 0 | O41: 1 | AX41: 0 | BG41: 0 | BH41: 0 | BI41: 0 | BR41: 0 | BS41: 0 | BT41: 0 | BU41: 0 | BV41: 0 | BZ41: 0 | CB41: 1 | CC41: 9 | CD41: 10 | CE41: 0 | CF41: 0 | CG41: 0 | CH41: 4 | CI41: 1 | CJ41: 14 | CK41: 1 | CL41: 74
A42: Löffler Marius | B42: L | C42: 95 | D42: 0 | E42: 0 | F42: 0 | I42: 0 | J42: 0 | X42: 0 | Y42: 0 | Z42: 0 | AA42: 1 | AB42: 0 | AD42: 0 | AE42: 0 | AF42: 0 | AG42: 0 | AH42: 0 | AI42: 0 | AK42: 0 | AL42: 1 | AM42: 0 | AN42: 0 | AP42: 0 | AQ42: 0 | AR42: 0 | AS42: 0 | AT42: 0 | BA42: 0 | CB42: 21 | CC42: 0 | CD42: 21 | CE42: 2 | CF42: 0 | CG42: 2 | CH42: 5 | CI42: 0 | CJ42: 26 | CK42: 2 | CL42: 121
A43: Marte Marvin | B43: M | C43: 107 | D43: 0 | E43: 0 | F43: 0 | I43: 0 | J43: 0 | X43: 1 | Y43: 0 | Z43: 0 | AA43: 0 | AB43: 0 | AD43: 0 | AE43: 0 | AF43: 0 | AG43: 0 | AH43: 1 | AI43: 0 | AJ43: 0 | AK43: 0 | AL43: 0 | AM43: 0 | AO43: 0 | AP43: 0 | AQ43: 0 | AR43: 0 | AS43: 0 | AU43: 1 | AV43: 0 | AW43: 0 | AY43: 0 | AZ43: 0 | BA43: 1 | BW43: 0 | CB43: 26 | CC43: 1 | CD43: 27 | CE43: 4 | CF43: 0 | CG43: 4 | CH43: 5 | CI43: 0 | CJ43: 32 | CK43: 4 | CL43: 139
A44: Moosmann J. | B44: L | C44: 83 | CB44: 0 | CC44: 0 | CD44: 0 | CE44: 0 | CF44: 0 | CG44: 0 | CH44: 0 | CI44: 0 | CJ44: 0 | CK44: 0 | CL44: 83
A45: Moosmann Kay | B45: L | C45: 0 | BS45: 1 | BT45: 0 | BU45: 0 | BY45: 0 | CB45: 0 | CC45: 4 | CD45: 4 | CE45: 0 | CF45: 1 | CG45: 1 | CH45: 0 | CI45: 0 | CJ45: 4 | CK45: 1 | CL45: 4
A46: Moosmann M. | B46: M | C46: 355 | CB46: 0 | CC46: 0 | CD46: 0 | CE46: 0 | CF46: 0 | CG46: 0 | CH46: 0 | CI46: 0 | CJ46: 0 | CK46: 0 | CL46: 355
A47: Müller Andre | B47: M | C47: 13 | H47: 0 | O47: 0 | V47: 0 | BE47: 0 | BF47: 0 | BG47: 0 | BH47: 1 | BI47: 1 | BJ47: 1 | BK47: 0 | BM47: 0 | BN47: 0 | BO47: 0 | BQ47: 0 | BR47: 0 | BS47: 0 | BT47: 4 | BU47: 0 | BV47: 2 | BW47: 0 | BX47: 2 | BY47: 0 | BZ47: 0 | CB47: 0 | CC47: 20 | CD47: 20 | CE47: 0 | CF47: 11 | CG47: 11 | CH47: 3 | CI47: 0 | CJ47: 23 | CK47: 11 | CL47: 36
A48: Müller Felix | B48: L | C48: 0 | Q48: 0 | AV48: 0 | AW48: 0 | AX48: 0 | AZ48: 0 | BQ48: 0 | BS48: 0 | BT48: 0 | BU48: 0 | BW48: 0 | BY48: 1 | CB48: 4 | CC48: 6 | CD48: 10 | CE48: 0 | CF48: 1 | CG48: 1 | CH48: 1 | CI48: 0 | CJ48: 11 | CK48: 1 | CL48: 11
A49: Müller Thorsten | B49: M | C49: 38 | D49: 0 | E49: 0 | F49: 0 | O49: 1 | Q49: 0 | BE49: 0 | BK49: 0 | BL49: 0 | BM49: 0 | BN49: 0 | BO49: 0 | BP49: 0 | BQ49: 0 | BR49: 0 | CB49: 0 | CC49: 9 | CD49: 9 | CE49: 0 | CF49: 0 | CG49: 0 | CH49: 5 | CI49: 1 | CJ49: 14 | CK49: 1 | CL49: 52
A50: Müller-Kohl, Ricardo | B50: M | C50: 8 | CB50: 0 | CC50: 0 | CD50: 0 | CE50: 0 | CF50: 0 | CG50: 0 | CH50: 0 | CI50: 0 | CJ50: 0 | CK50: 0 | CL50: 8
A51: Murer Matthias | B51: L | C51: 265 | CB51: 0 | CC51: 0 | CD51: 0 | CE51: 0 | CF51: 0 | CG51: 0 | CH51: 0 | CI51: 0 | CJ51: 0 | CK51: 0 | CL51: 265
A52: Oehler Alex | B52: L | C52: 108 | CB52: 0 | CC52: 0 | CD52: 0 | CE52: 0 | CF52: 0 | CG52: 0 | CH52: 0 | CI52: 0 | CJ52: 0 | CK52: 0 | CL52: 108
A53: Oehler Christoph | B53: L | C53: 104 | BF53: 0 | BG53: 0 | CB53: 0 | CC53: 2 | CD53: 2 | CE53: 0 | CF53: 0 | CG53: 0 | CH53: 0 | CI53: 0 | CJ53: 2 | CK53: 0 | CL53: 106
A54: Pfundstein Andreas | B54: L | C54: 114 | BL54: 1 | BP54: 1 | BR54: 1 | CB54: 0 | CC54: 3 | CD54: 3 | CE54: 0 | CF54: 3 | CG54: 3 | CH54: 0 | CI54: 0 | CJ54: 3 | CK54: 3 | CL54: 117
A55: Preuss Jeremias | B55: M | C55: 31 | D55: 0 | E55: 0 | F55: 0 | H55: 0 | I55: 0 | J55: 1 | N55: 0 | T55: 0 | X55: 0 | Y55: 0 | Z55: 1 | AA55: 1 | AB55: 0 | AC55: 0 | AD55: 0 | AE55: 1 | AF55: 0 | AG55: 0 | AH55: 0 | AI55: 0 | AJ55: 0 | AK55: 0 | AL55: 1 | AM55: 0 | AN55: 0 | AO55: 0 | AP55: 2 | AQ55: 1 | AR55: 0 | AS55: 0 | AT55: 1 | AU55: 0 | AV55: 0 | AW55: 0 | AX55: 0 | AY55: 0 | AZ55: 0 | BA55: 0 | CB55: 30 | CC55: 0 | CD55: 30 | CE55: 8 | CF55: 0 | CG55: 8 | CH55: 8 | CI55: 1 | CJ55: 38 | CK55: 9 | CL55: 69
A56: Preuss Jonas | B56: M | C56: 176 | D56: 0 | E56: 0 | F56: 0 | H56: 0 | I56: 0 | J56: 1 | M56: 0 | N56: 0 | T56: 0 | X56: 0 | Y56: 0 | Z56: 0 | AA56: 2 | AB56: 0 | AC56: 2 | AD56: 0 | AE56: 2 | AF56: 0 | AG56: 2 | AH56: 1 | AI56: 0 | AJ56: 1 | AK56: 0 | AO56: 0 | AP56: 1 | AQ56: 0 | AR56: 0 | AS56: 1 | AT56: 1 | AU56: 1 | AV56: 0 | AW56: 2 | AX56: 0 | AY56: 1 | AZ56: 0 | BA56: 1 | CB56: 27 | CC56: 0 | CD56: 27 | CE56: 18 | CF56: 0 | CG56: 18 | CH56: 9 | CI56: 1 | CJ56: 36 | CK56: 19 | CL56: 212
A57: Preuss Marius | B57: M | L57: 0 | M57: 0 | N57: 0 | V57: 0 | BF57: 0 | BG57: 0 | BH57: 0 | BJ57: 0 | BL57: 0 | BM57: 0 | BW57: 0 | BX57: 0 | BZ57: 1 | CB57: 0 | CC57: 9 | CD57: 9 | CE57: 0 | CF57: 1 | CG57: 1 | CH57: 4 | CI57: 0 | CJ57: 13 | CK57: 1 | CL57: 13
A58: Preuss Philip | B58: M | C58: 72 | I58: 0 | N58: 0 | Q58: 0 | V58: 0 | BE58: 0 | BF58: 0 | BG58: 0 | BH58: 0 | BI58: 0 | BJ58: 1 | BK58: 0 | BL58: 0 | BM58: 0 | BN58: 1 | BO58: 1 | BP58: 0 | BQ58: 0 | BR58: 0 | BT58: 0 | BV58: 0 | BW58: 0 | BX58: 0 | BY58: 1 | CB58: 0 | CC58: 19 | CD58: 19 | CE58: 0 | CF58: 4 | CG58: 4 | CH58: 4 | CI58: 0 | CJ58: 23 | CK58: 4 | CL58: 95
A59: Reuter J. | B59: M | C59: 132 | M59: 0 | Q59: 0 | T59: 0 | Z59: 0 | AO59: 0 | AQ59: 0 | AS59: 0 | AT59: 0 | AU59: 0 | AV59: 0 | AW59: 0 | AY59: 0 | AZ59: 0 | BA59: 0 | BQ59: 0 | CB59: 11 | CC59: 1 | CD59: 12 | CE59: 0 | CF59: 0 | CG59: 0 | CH59: 3 | CI59: 0 | CJ59: 15 | CK59: 0 | CL59: 147
A60: Roeder | B60: M | C60: 82 | V60: 0 | BJ60: 0 | CB60: 0 | CC60: 1 | CD60: 1 | CE60: 0 | CF60: 0 | CG60: 0 | CH60: 1 | CI60: 0 | CJ60: 2 | CK60: 0 | CL60: 84
A61: Ruoff Ulli | B61: L | C61: 296 | H61: 0 | O61: 0 | Q61: 0 | V61: 0 | AT61: 0 | BE61: 0 | BG61: 2 | BH61: 0 | BI61: 0 | BJ61: 0 | BO61: 0 | BQ61: 0 | BR61: 0 | BS61: 1 | BT61: 0 | BU61: 1 | BV61: 1 | BW61: 0 | BX61: 0 | BY61: 0 | BZ61: 0 | CB61: 1 | CC61: 16 | CD61: 17 | CE61: 0 | CF61: 5 | CG61: 5 | CH61: 4 | CI61: 0 | CJ61: 21 | CK61: 5 | CL61: 317
A62: Schaumann Seb | B62: M | C62: 42 | D62: 0 | E62: 0 | F62: 0 | I62: 1 | J62: 0 | N62: 0 | T62: 0 | X62: 0 | Y62: 0 | Z62: 0 | AB62: 1 | AC62: 2 | AD62: 1 | AE62: 1 | AF62: 0 | AG62: 1 | AH62: 0 | AI62: 0 | AJ62: 0 | AK62: 0 | AL62: 2 | AM62: 0 | AN62: 0 | AO62: 0 | AP62: 0 | AQ62: 0 | AR62: 0 | AS62: 1 | AU62: 0 | AV62: 0 | AW62: 0 | AX62: 0 | AY62: 1 | AZ62: 0 | BA62: 0 | CB62: 28 | CC62: 0 | CD62: 28 | CE62: 10 | CF62: 0 | CG62: 10 | CH62: 7 | CI62: 1 | CJ62: 35 | CK62: 11 | CL62: 77
A63: Schwenk Kevin | B63: L | C63: 107 | I63: 0 | J63: 0 | L63: 0 | M63: 0 | N63: 0 | Q63: 0 | T63: 0 | V63: 0 | Y63: 0 | Z63: 0 | AA63: 0 | AB63: 0 | AC63: 0 | AD63: 0 | AE63: 0 | AF63: 0 | AG63: 0 | AH63: 0 | AI63: 0 | AJ63: 0 | AK63: 0 | AL63: 0 | AN63: 0 | AO63: 0 | AP63: 0 | AQ63: 0 | AR63: 0 | AS63: 0 | BP63: 0 | CB63: 20 | CC63: 1 | CD63: 21 | CE63: 0 | CF63: 0 | CG63: 0 | CH63: 8 | CI63: 0 | CJ63: 29 | CK63: 0 | CL63: 136
A64: Seidel Jan | BR64: 1 | BS64: 0 | BT64: 0 | BU64: 0 | BV64: 0 | BW64: 0 | BY64: 0 | CB64: 0 | CC64: 7 | CD64: 7 | CE64: 0 | CF64: 1 | CG64: 1 | CH64: 0 | CI64: 0 | CJ64: 7 | CK64: 1 | CL64: 7
A65: Sekinger Fabian | B65: L | C65: 19 | L65: 0 | M65: 0 | N65: 0 | O65: 0 | T65: 0 | V65: 0 | AS65: 0 | BE65: 0 | BF65: 0 | BG65: 0 | BH65: 0 | BI65: 0 | BJ65: 0 | BK65: 0 | BL65: 0 | BM65: 0 | BN65: 0 | BO65: 0 | BP65: 0 | BQ65: 0 | BR65: 0 | BT65: 0 | BU65: 0 | BV65: 0 | BW65: 0 | BX65: 0 | BY65: 0 | BZ65: 0 | CB65: 1 | CC65: 21 | CD65: 22 | CE65: 0 | CF65: 0 | CG65: 0 | CH65: 6 | CI65: 0 | CJ65: 28 | CK65: 0 | CL65: 47
A66: Staiger Elmar | B66: L | C66: 205 | CB66: 0 | CC66: 0 | CD66: 0 | CE66: 0 | CF66: 0 | CG66: 0 | CH66: 0 | CI66: 0 | CJ66: 0 | CK66: 0 | CL66: 205
A67: Staiger Tobias | B67: L | C67: 247 | BF67: 0 | BU67: 0 | BV67: 1 | CB67: 0 | CC67: 3 | CD67: 3 | CE67: 0 | CF67: 1 | CG67: 1 | CH67: 0 | CI67: 0 | CJ67: 3 | CK67: 1 | CL67: 250
A68: Stein Matthias | B68: L | C68: 130 | CB68: 0 | CC68: 0 | CD68: 0 | CE68: 0 | CF68: 0 | CG68: 0 | CH68: 0 | CI68: 0 | CJ68: 0 | CK68: 0 | CL68: 130
A69: Stern Alexander | B69: M | C69: 55 | D69: 0 | E69: 0 | F69: 0 | H69: 0 | I69: 0 | J69: 0 | V69: 0 | Y69: 0 | Z69: 0 | AA69: 0 | AB69: 0 | AC69: 0 | AD69: 0 | AE69: 0 | AF69: 0 | AG69: 0 | AH69: 0 | AI69: 0 | AJ69: 0 | AK69: 0 | AL69: 0 | AM69: 0 | AN69: 0 | AO69: 0 | AP69: 0 | AQ69: 0 | AR69: 0 | AS69: 0 | AT69: 0 | AU69: 0 | AV69: 0 | AW69: 0 | AX69: 0 | AY69: 0 | AZ69: 0 | BA69: 0 | CB69: 29 | CC69: 0 | CD69: 29 | CE69: 0 | CF69: 0 | CG69: 0 | CH69: 7 | CI69: 0 | CJ69: 36 | CK69: 0 | CL69: 91
A70: Storz Tobi | B70: M | C70: 107 | CB70: 0 | CC70: 0 | CD70: 0 | CE70: 0 | CF70: 0 | CG70: 0 | CH70: 0 | CI70: 0 | CJ70: 0 | CK70: 0 | CL70: 107
A71: Tramnitz Christoph | B71: L | C71: 71 | J71: 0 | T71: 0 | X71: 0 | Y71: 0 | Z71: 0 | AE71: 1 | AF71: 0 | AG71: 0 | AH71: 0 | AI71: 0 | AJ71: 0 | AK71: 0 | AL71: 0 | AM71: 0 | AN71: 0 | AO71: 0 | AP71: 0 | AQ71: 0 | AR71: 0 | AS71: 0 | AT71: 0 | AU71: 0 | AV71: 0 | AW71: 0 | AX71: 0 | AY71: 0 | AZ71: 0 | CB71: 25 | CC71: 0 | CD71: 25 | CE71: 1 | CF71: 0 | CG71: 1 | CH71: 2 | CI71: 0 | CJ71: 27 | CK71: 1 | CL71: 98
A72: Tramnitz Lukas | B72: L | C72: 0 | H72: 3 | I72: 0 | AO72: 0 | AP72: 0 | AQ72: 0 | AR72: 0 | AS72: 0 | AT72: 0 | AU72: 0 | AV72: 0 | AW72: 0 | AZ72: 0 | CB72: 10 | CC72: 0 | CD72: 10 | CE72: 0 | CF72: 0 | CG72: 0 | CH72: 2 | CI72: 3 | CJ72: 12 | CK72: 3 | CL72: 12
A73: Trenkle Jan | B73: M | C73: 29 | D73: 0 | E73: 0 | F73: 0 | H73: 0 | T73: 0 | X73: 0 | Z73: 0 | AA73: 0 | AB73: 0 | AG73: 0 | AH73: 0 | AI73: 0 | AJ73: 0 | AK73: 0 | AL73: 0 | AM73: 0 | AT73: 0 | BU73: 0 | BX73: 3 | CB73: 12 | CC73: 2 | CD73: 14 | CE73: 0 | CF73: 3 | CG73: 3 | CH73: 5 | CI73: 0 | CJ73: 19 | CK73: 3 | CL73: 48
A74: Verino Roberto | B74: M | C74: 96 | CB74: 0 | CC74: 0 | CD74: 0 | CE74: 0 | CF74: 0 | CG74: 0 | CH74: 0 | CI74: 0 | CJ74: 0 | CK74: 0 | CL74: 96
A75: Zehnder Matze | B75: M | C75: 29 | M75: 0 | O75: 0 | BE75: 0 | BF75: 0 | BG75: 0 | BH75: 1 | BI75: 2 | BK75: 0 | BL75: 0 | BN75: 0 | BO75: 0 | BP75: 0 | BQ75: 0 | BR75: 0 | BS75: 0 | BT75: 0 | BU75: 0 | BV75: 0 | BX75: 0 | BY75: 0 | CB75: 0 | CC75: 18 | CD75: 18 | CE75: 0 | CF75: 3 | CG75: 3 | CH75: 2 | CI75: 0 | CJ75: 20 | CK75: 3 | CL75: 49

Sheet 15-16
E1: Saison 15/16
A2: Spieler | C2: Spiele bisher | D2: Freundschaftsspiele | S2: Pokalspiele | Y2: Punktspiele | CC2: Anzahl
D3: I | E3: I | F3: I | G3: I | H3: I | I3: I | J3: I | K3: I | M3: II | N3: II | O3: II | P3: II | U3: I | V3: II | Y3: I | Z3: I | AA3: I | AB3: I | AC3: I | AD3: I | AE3: I | AF3: I | AG3: I | AH3: I | AI3: I | AJ3: I | AK3: I | AL3: I | AM3: I | AN3: I | AO3: I | AP3: I | AQ3: I | AR3: I | AS3: I | AT3: I | AU3: I | AV3: I | AW3: I | AX3: I | AY3: I | AZ3: I | BA3: I | BB3: I | BC3: I | BD3: I | BE3: I | BF3: I | BH3: II | BI3: II | BJ3: II | BK3: II | BL3: II | BM3: II | BN3: II | BO3: II | BP3: II | BQ3: II | BR3: II | BS3: II | BT3: II | BU3: II | BV3: II | BW3: II | BX3: II | BY3: II | BZ3: II | CA3: II | CB3: II
D4: Sa, 18.07.15 SG Buchenberg/​Neuhausen : SGM Mariazell/​Locherhof | E4: Sa, 01.08.15 FC Dunningen : SGM Mariazell/​Locherhof | F4: Sa, 15.08.15 SGM Mariazell/​Locherhof : SV Seedorf II | G4: Di, 18.08.15 SGM Mariazell/​Locherhof : Spvgg 08 Schramberg | H4: Mi, 17.02.16 SV Gosheim : SGM Mariazell/​Locherhof | I4: Mi, 24.02.16 FV Tennenbronn 2 : SGM Mariazell/​Locherhof | J4: Sa, 27.02.16 SGM Aichhalden/​Rötenberg II : SGM Mariazell/​Locherhof | K4: Sa, 05.03.16 Spvgg 08 Schramberg : SGM Mariazell/​Locherhof | M4: Di, 04.08.15 SGM Mariazell/​Locherhof II : Spvgg 08 Schramberg II | N4: So, 09.08.15 SGM Mariazell/​Locherhof : Spvgg Bochingen II | O4: So, 06.03.16 Spvgg Stetten-Lackendorf : SGM Mariazell/​Locherhof II | P4: Sa, 12.03.16 SGM Mariazell/​Locherhof II : FC Weiler | U4: Di, 01.09.15 SGM Mariazell/​Locherhof : SV Gosheim | V4: Mi, 02.09.15 SGM riazell/​Locherhof II : SC Wellendingen | Y4: So, 23.08.15 FC Epfendorf : SGM Mariazell/​Locherhof | Z4: Do, 27.08.15 Spielfrei | AA4: So, 30.08.15 SGM Mariazell/​Locherhof : SV Herrenzimmern | AB4: So, 06.09.15 FV 08 Rottweil II : SGM Mariazell/​Locherhof | AC4: Sa, 12.09.15 SGM Mariazell/​Locherhof : SV Waldmössingen | AD4: Do, 17.09.15 FC Hardt : SGM Mariazell/​Locherhof | AE4: So, 20.09.15 SGM Mariazell/​Locherhof : SV Winzeln | AF4: So, 27.09.15 SC Lindenhof : SGM Mariazell/​Locherhof | AG4: Do, 01.10.15 SGM Mariazell/​Locherhof : SV Sulgen | AH4: So, 04.10.15 FC Dietingen : SGM Mariazell/​Locherhof | AI4: So, 11.10.15 SGM Mariazell/​Locherhof : SV Horgen | AJ4: So, 18.10.15 VfL Fluorn : SGM Mariazell/​Locherhof | AK4: So, 25.10.15 SGM Mariazell/​Locherhof : FC Suebia Rottweil | AL4: Sa, 31.10.15 SV Zimmern o.R. II : SGM Mariazell/​Locherhof | AM4: So, 08.11.15 SGM Mariazell/​Locherhof : SGM SV Beffendorf/​VfB Bösingen III | AN4: So, 15.11.15 SV Irslingen : SGM Mariazell/​Locherhof | AO4: Sa, 21.11.15 SGM Mariazell/​Locherhof : FSV Zepfenhan | AP4: Do, 17.03.16 SGM Mariazell/​Locherhof : FC Epfendorf | AQ4: So, 06.03.16 Spielfrei | AR4: So, 13.03.16 SV Herrenzimmern : SGM Mariazell/​Locherhof | AS4: So, 20.03.16 SGM Mariazell/​Locherhof : FV 08 Rottweil II | AT4: Sa, 26.03.16 SV Waldmössingen : SGM Mariazell/​Locherhof | AU4: Do, 31.03.16 SGM Mariazell/​Locherhof : FC Hardt | AV4: So, 03.04.16 SV Winzeln : SGM Mariazell/​Locherhof | AW4: So, 10.04.16 SGM Mariazell/​Locherhof : SC Lindenhof | AX4: So, 17.04.16 SV Sulgen : SGM Mariazell/​Locherhof | AY4: So, 24.04.16 SGM Mariazell/​Locherhof : FC Dietingen | AZ4: Do, 28.04.16 SV Horgen : SGM Mariazell/​Locherhof | BA4: Sa, 30.04.16 SGM Mariazell/​Locherhof : VfL Fluorn | BB4: So, 08.05.16 FC Suebia Rottweil : SGM Mariazell/​Locherhof | BC4: Sa, 14.05.16 SGM Mariazell/​Locherhof : SV Zimmern o.R. II | BD4: So, 22.05.16 SGM SV Beffendorf/​VfB Bösingen III : SGM Mariazell/​Locherhof | BE4: So, 29.05.16 SGM Mariazell/​Locherhof : SV Irslingen | BF4: So, 05.06.16 FSV Zepfenhan : SGM Mariazell/​Locherhof | BH4: So, 30.08.15 Spvgg Oberndorf II : SGM Mariazell/​Locherhof II | BI4: So, 13.09.15 SGM Mariazell/​Locherhof II : SV Winzeln II | BJ4: So, 20.09.15 FC Hardt II : SGM Mariazell/​Locherhof II | BK4: So, 27.09.15 SGM Mariazell/​Locherhof II : Spvgg Stetten-Lackendorf II | BL4: So, 04.10.15 SC Lindenhof II : SGM Mariazell/​Locherhof II | BM4: So, 11.10.15 SGM Mariazell/​Locherhof II : SV Sulgen II | BN4: So, 18.10.15 SV Herrenzimmern II : SGM Mariazell/​Locherhof II | BO4: So, 25.10.15 SGM Mariazell/​Locherhof II : FC Dunningen II | BP4: Sa, 21.11.15 FV Kickers Lauterbach II : SGM Mariazell/​Locherhof II | BQ4: So, 08.11.15 SGM Mariazell/​Locherhof II : SGM Aichhalden/​Rötenberg III | BR4: So, 15.11.15 SGM Mariazell/​Locherhof II : Spvgg Oberndorf II | BS4: So, 20.03.16 Spielfrei | BT4: So, 03.04.16 SV Winzeln II : SGM Mariazell/​Locherhof II | BU4: So, 10.04.16 SGM Mariazell/​Locherhof II : FC Hardt II | BV4: So, 17.04.16 Spvgg Stetten-Lackendorf II : SGM Mariazell/​Locherhof II | BW4: So, 24.04.16 SGM Mariazell/​Locherhof II : SC Lindenhof II | BX4: Mi, 04.05.16 SV Sulgen II : SGM Mariazell/​Locherhof II | BY4: So, 08.05.16 SGM Mariazell/​Locherhof II : SV Herrenzimmern II | BZ4: So, 22.05.16 FC Dunningen II : SGM Mariazell/​Locherhof II | CA4: So, 29.05.16 SGM Mariazell/​Locherhof II : FV Kickers Lauterbach II | CB4: So, 05.06.16 SGM Aichhalden/​Rötenberg III : SGM Mariazell/​Locherhof II | CC4: Punktspiele I | CD4: Punktspiele II | CE4: Punktspiele I+II | CF4: Tore Punktspiele I | CG4: Tore Punktspiele II | CH4: Tore Punktspiele I+II | CI4: Freundschaftssp. | CJ4: Tore Freundschaftssp. | CK4: Spiele | CL4: Tore | CM4: Spiele gesamt
A5: Aichele Thomas | B5: L | C5: 131 | CC5: 0 | CD5: 0 | CE5: 0 | CF5: 0 | CG5: 0 | CH5: 0 | CI5: 0 | CJ5: 0 | CK5: 0 | CL5: 0 | CM5: 131
A6: Auber Armin | B6: M | C6: 23 | BJ6: 0 | BK6: 0 | BO6: 0 | BP6: 0 | BV6: 1 | BY6: 0 | CA6: 0 | CC6: 0 | CD6: 7 | CE6: 7 | CF6: 0 | CG6: 1 | CH6: 1 | CI6: 0 | CJ6: 0 | CK6: 7 | CL6: 1 | CM6: 30
A7: Auber Axel | B7: M | C7: 382 | CC7: 0 | CD7: 0 | CE7: 0 | CF7: 0 | CG7: 0 | CH7: 0 | CI7: 0 | CJ7: 0 | CK7: 0 | CL7: 0 | CM7: 382
A8: Auber Manuel | C8: 0 | CB8: 0 | CC8: 0 | CD8: 1 | CE8: 1 | CF8: 0 | CG8: 0 | CH8: 0 | CI8: 0 | CJ8: 0 | CK8: 1 | CL8: 0 | CM8: 1
A9: Augstein M | B9: L | C9: 266 | BH9: 0 | BN9: 0 | BR9: 0 | CC9: 0 | CD9: 3 | CE9: 3 | CF9: 0 | CG9: 0 | CH9: 0 | CI9: 0 | CJ9: 0 | CK9: 3 | CL9: 0 | CM9: 269
A10: Bannert Dirk | B10: L | C10: 273 | CC10: 0 | CD10: 0 | CE10: 0 | CF10: 0 | CG10: 0 | CH10: 0 | CI10: 0 | CJ10: 0 | CK10: 0 | CL10: 0 | CM10: 273
A11: Bekir Kilic | B11: L | C11: 137 | CC11: 0 | CD11: 0 | CE11: 0 | CF11: 0 | CG11: 0 | CH11: 0 | CI11: 0 | CJ11: 0 | CK11: 0 | CL11: 0 | CM11: 137
A12: Benner, Florian | B12: M | C12: 59 | D12: 0 | M12: 0 | AD12: 0 | BI12: 0 | BJ12: 0 | BV12: 0 | CC12: 1 | CD12: 3 | CE12: 4 | CF12: 0 | CG12: 0 | CH12: 0 | CI12: 2 | CJ12: 0 | CK12: 6 | CL12: 0 | CM12: 65
A13: Binnig Andre | B13: L | C13: 100 | D13: 0 | F13: 1 | G13: 0 | H13: 0 | K13: 0 | M13: 0 | N13: 0 | U13: 0 | Y13: 0 | AA13: 1 | AB13: 0 | AC13: 1 | AD13: 0 | AE13: 0 | AF13: 0 | AG13: 0 | AH13: 0 | AI13: 0 | AJ13: 0 | AK13: 0 | AL13: 0 | AM13: 0 | AN13: 0 | AO13: 0 | AP13: 0 | AR13: 0 | AT13: 0 | AU13: 0 | AV13: 1 | AW13: 0 | AX13: 0 | AY13: 0 | AZ13: 0 | BA13: 0 | BB13: 0 | BC13: 0 | BD13: 0 | BE13: 0 | BF13: 0 | CC13: 31 | CD13: 0 | CE13: 31 | CF13: 3 | CG13: 0 | CH13: 3 | CI13: 8 | CJ13: 1 | CK13: 39 | CL13: 4 | CM13: 139
A14: Bosch M. | B14: L | C14: 420 | D14: 0 | F14: 0 | G14: 0 | K14: 0 | M14: 0 | N14: 0 | U14: 1 | Y14: 0 | AA14: 0 | AB14: 1 | AC14: 0 | AM14: 0 | AO14: 0 | BL14: 0 | BO14: 0 | BQ14: 0 | BR14: 1 | BX14: 0 | BY14: 0 | BZ14: 1 | CB14: 0 | CC14: 6 | CD14: 8 | CE14: 14 | CF14: 1 | CG14: 2 | CH14: 3 | CI14: 7 | CJ14: 1 | CK14: 21 | CL14: 4 | CM14: 441
A15: Broghammer Michael | B15: M | C15: 25 | CC15: 0 | CD15: 0 | CE15: 0 | CF15: 0 | CG15: 0 | CH15: 0 | CI15: 0 | CJ15: 0 | CK15: 0 | CL15: 0 | CM15: 25
A16: Coraci Davide | B16: L | C16: 41 | BH16: 0 | BK16: 1 | BN16: 0 | BU16: 0 | BV16: 0 | BY16: 0 | BZ16: 0 | CC16: 0 | CD16: 7 | CE16: 7 | CF16: 0 | CG16: 1 | CH16: 1 | CI16: 0 | CJ16: 0 | CK16: 7 | CL16: 1 | CM16: 48
A17: Czerny A | B17: M | C17: 227 | BR17: 0 | CC17: 0 | CD17: 1 | CE17: 1 | CF17: 0 | CG17: 0 | CH17: 0 | CI17: 0 | CJ17: 0 | CK17: 1 | CL17: 0 | CM17: 228
A18: Dereck Christian | B18: M | C18: 50 | H18: 0 | BH18: 0 | BI18: 0 | BJ18: 0 | BK18: 0 | BM18: 0 | BN18: 1 | BO18: 1 | BP18: 1 | BR18: 0 | BT18: 0 | BV18: 0 | BW18: 0 | BY18: 0 | BZ18: 0 | CA18: 0 | CB18: 2 | CC18: 0 | CD18: 16 | CE18: 16 | CF18: 0 | CG18: 5 | CH18: 5 | CI18: 1 | CJ18: 0 | CK18: 17 | CL18: 5 | CM18: 67
A19: Dold Markus | B19: M | C19: 90 | D19: 0 | G19: 0 | H19: 0 | K19: 0 | M19: 0 | U19: 0 | Y19: 0 | AA19: 0 | AB19: 1 | AC19: 0 | AD19: 0 | AE19: 0 | AF19: 0 | AG19: 0 | AH19: 0 | AI19: 0 | AJ19: 0 | AK19: 0 | AL19: 0 | AM19: 0 | AN19: 0 | AO19: 0 | AP19: 0 | AR19: 0 | AS19: 0 | AT19: 0 | AU19: 0 | AV19: 0 | AW19: 2 | AY19: 0 | AZ19: 0 | BB19: 0 | BD19: 0 | BE19: 0 | BF19: 0 | CC19: 29 | CD19: 0 | CE19: 29 | CF19: 3 | CG19: 0 | CH19: 3 | CI19: 6 | CJ19: 0 | CK19: 35 | CL19: 3 | CM19: 125
A20: Ebert D. | B20: M | C20: 385 | BY20: 1 | CC20: 0 | CD20: 1 | CE20: 1 | CF20: 0 | CG20: 1 | CH20: 1 | CI20: 0 | CJ20: 0 | CK20: 1 | CL20: 1 | CM20: 386
A21: Ebert M. | B21: M | C21: 234 | D21: 0 | H21: 0 | K21: 0 | M21: 0 | N21: 1 | AD21: 0 | AE21: 0 | AF21: 0 | AG21: 0 | AH21: 0 | AI21: 0 | AJ21: 0 | AN21: 0 | AO21: 0 | AP21: 0 | AR21: 0 | AS21: 0 | AU21: 0 | AV21: 0 | AW21: 0 | AX21: 0 | AY21: 0 | AZ21: 0 | BA21: 0 | BB21: 0 | BC21: 0 | BD21: 0 | BE21: 0 | BF21: 0 | BI21: 0 | CC21: 24 | CD21: 1 | CE21: 25 | CF21: 0 | CG21: 0 | CH21: 0 | CI21: 5 | CJ21: 1 | CK21: 30 | CL21: 1 | CM21: 264
A22: Engesser M. | B22: M | C22: 167 | CC22: 0 | CD22: 0 | CE22: 0 | CF22: 0 | CG22: 0 | CH22: 0 | CI22: 0 | CJ22: 0 | CK22: 0 | CL22: 0 | CM22: 167
A23: Ettwein Kevin | B23: L | C23: 8 | CC23: 0 | CD23: 0 | CE23: 0 | CF23: 0 | CG23: 0 | CH23: 0 | CI23: 0 | CJ23: 0 | CK23: 0 | CL23: 0 | CM23: 8
A24: Ettwein Dennis | B24: L | C24: 32 | CC24: 0 | CD24: 0 | CE24: 0 | CF24: 0 | CG24: 0 | CH24: 0 | CI24: 0 | CJ24: 0 | CK24: 0 | CL24: 0 | CM24: 32
A25: Ganter F. | B25: M | C25: 401 | CC25: 0 | CD25: 0 | CE25: 0 | CF25: 0 | CG25: 0 | CH25: 0 | CI25: 0 | CJ25: 0 | CK25: 0 | CL25: 0 | CM25: 401
A26: Ginter Colin | C26: 0 | BZ26: 0 | CC26: 0 | CD26: 1 | CE26: 1 | CF26: 0 | CG26: 0 | CH26: 0 | CI26: 0 | CJ26: 0 | CK26: 1 | CL26: 0 | CM26: 1
A27: Glase Rico | B27: M | C27: 41 | CC27: 0 | CD27: 0 | CE27: 0 | CF27: 0 | CG27: 0 | CH27: 0 | CI27: 0 | CJ27: 0 | CK27: 0 | CL27: 0 | CM27: 41
A28: Günter Ralf | B28: L | C28: 159 | D28: 0 | F28: 0 | G28: 0 | H28: 0 | K28: 0 | M28: 0 | N28: 0 | U28: 0 | Y28: 0 | AA28: 0 | AB28: 0 | AC28: 0 | AD28: 0 | AE28: 0 | AF28: 0 | AG28: 0 | AH28: 0 | AI28: 0 | AJ28: 0 | AK28: 1 | AL28: 1 | AM28: 0 | AN28: 0 | AO28: 0 | AP28: 0 | AR28: 0 | AS28: 0 | AT28: 0 | AU28: 0 | AV28: 0 | AW28: 0 | AX28: 0 | AY28: 0 | AZ28: 0 | BA28: 0 | BB28: 0 | BC28: 0 | BD28: 1 | BE28: 0 | BF28: 0 | CC28: 32 | CD28: 0 | CE28: 32 | CF28: 3 | CG28: 0 | CH28: 3 | CI28: 8 | CJ28: 0 | CK28: 40 | CL28: 3 | CM28: 199
A29: Haberstroh Benny | B29: M | C29: 19 | CC29: 0 | CD29: 0 | CE29: 0 | CF29: 0 | CG29: 0 | CH29: 0 | CI29: 0 | CJ29: 0 | CK29: 0 | CL29: 0 | CM29: 19
A30: Haberstroh Michael | B30: M | C30: 6 | BP30: 0 | CC30: 0 | CD30: 1 | CE30: 1 | CF30: 0 | CG30: 0 | CH30: 0 | CI30: 0 | CJ30: 0 | CK30: 1 | CL30: 0 | CM30: 7
A31: Haberstroh Raphael | B31: M | C31: 142 | D31: 0 | F31: 0 | G31: 0 | N31: 1 | U31: 0 | Y31: 0 | AA31: 0 | AB31: 0 | AC31: 0 | AD31: 0 | AE31: 0 | AF31: 1 | AH31: 1 | AI31: 0 | AJ31: 0 | AK31: 0 | AL31: 0 | AM31: 0 | AN31: 0 | AO31: 0 | AR31: 0 | AS31: 0 | AT31: 0 | AU31: 0 | AV31: 0 | AW31: 0 | AX31: 0 | AZ31: 0 | BA31: 0 | BB31: 0 | BC31: 1 | BD31: 0 | BE31: 0 | BF31: 0 | CC31: 29 | CD31: 0 | CE31: 29 | CF31: 3 | CG31: 0 | CH31: 3 | CI31: 5 | CJ31: 1 | CK31: 34 | CL31: 4 | CM31: 176
A32: Hauser Marcel | B32: L | C32: 27 | F32: 0 | G32: 0 | V32: 0 | BH32: 0 | BI32: 0 | BP32: 0 | BR32: 0 | BT32: 0 | BU32: 0 | BV32: 0 | BW32: 0 | BX32: 0 | BZ32: 0 | CA32: 0 | CB32: 0 | CC32: 0 | CD32: 12 | CE32: 12 | CF32: 0 | CG32: 0 | CH32: 0 | CI32: 3 | CJ32: 0 | CK32: 15 | CL32: 0 | CM32: 42
A33: Heilmann M. | B33: M | C33: 245 | BR33: 0 | CC33: 0 | CD33: 1 | CE33: 1 | CF33: 0 | CG33: 0 | CH33: 0 | CI33: 0 | CJ33: 0 | CK33: 1 | CL33: 0 | CM33: 246
A34: Hornikel A. | B34: M | C34: 339 | CC34: 0 | CD34: 0 | CE34: 0 | CF34: 0 | CG34: 0 | CH34: 0 | CI34: 0 | CJ34: 0 | CK34: 0 | CL34: 0 | CM34: 339
A35: Jäckle M. | B35: M | C35: 276 | CC35: 0 | CD35: 0 | CE35: 0 | CF35: 0 | CG35: 0 | CH35: 0 | CI35: 0 | CJ35: 0 | CK35: 0 | CL35: 0 | CM35: 276
A36: Jaki S. | B36: M | C36: 473 | AO36: 0 | BK36: 3 | BL36: 0 | BM36: 2 | BO36: 2 | BR36: 4 | BT36: 2 | BU36: 0 | BZ36: 2 | CA36: 0 | CB36: 1 | CC36: 1 | CD36: 10 | CE36: 11 | CF36: 0 | CG36: 16 | CH36: 16 | CI36: 0 | CJ36: 0 | CK36: 11 | CL36: 16 | CM36: 484
A37: Jauch Jo. | B37: M | C37: 356 | CC37: 0 | CD37: 0 | CE37: 0 | CF37: 0 | CG37: 0 | CH37: 0 | CI37: 0 | CJ37: 0 | CK37: 0 | CL37: 0 | CM37: 356
A38: Jauch Jürgen | B38: M | C38: 216 | CC38: 0 | CD38: 0 | CE38: 0 | CF38: 0 | CG38: 0 | CH38: 0 | CI38: 0 | CJ38: 0 | CK38: 0 | CL38: 0 | CM38: 216
A39: Kimmich Simeon | C39: 1 | F39: 0 | G39: 0 | N39: 0 | BI39: 0 | BJ39: 0 | BK39: 0 | BL39: 0 | BM39: 0 | BN39: 0 | BO39: 0 | BP39: 0 | BQ39: 0 | BR39: 0 | BT39: 0 | BU39: 0 | BV39: 0 | BW39: 0 | BX39: 0 | BY39: 0 | BZ39: 0 | CC39: 0 | CD39: 17 | CE39: 17 | CF39: 0 | CG39: 0 | CH39: 0 | CI39: 3 | CJ39: 0 | CK39: 20 | CL39: 0 | CM39: 21
A40: Klausmann M. | B40: M | C40: 253 | V40: 1 | BK40: 0 | BQ40: 0 | BY40: 0 | CC40: 0 | CD40: 3 | CE40: 3 | CF40: 0 | CG40: 0 | CH40: 0 | CI40: 1 | CJ40: 1 | CK40: 4 | CL40: 1 | CM40: 257
A41: Kuner Matthias | C41: 21 | U41: 0 | V41: 0 | AB41: 0 | AD41: 0 | AE41: 0 | AF41: 0 | AH41: 0 | AI41: 0 | AJ41: 0 | AK41: 0 | AL41: 0 | AM41: 0 | AN41: 0 | AR41: 0 | AS41: 0 | AW41: 0 | AY41: 0 | AZ41: 0 | BA41: 0 | BB41: 2 | BC41: 0 | BD41: 0 | BF41: 0 | BH41: 1 | BI41: 0 | BW41: 0 | BX41: 0 | CA41: 0 | CC41: 21 | CD41: 5 | CE41: 26 | CF41: 2 | CG41: 1 | CH41: 3 | CI41: 2 | CJ41: 0 | CK41: 28 | CL41: 3 | CM41: 49
A42: Klein Daniel | B42: M | C42: 185 | D42: 0 | N42: 0 | AD42: 0 | AE42: 0 | AF42: 0 | AW42: 0 | AX42: 0 | AY42: 0 | BH42: 0 | BI42: 0 | BL42: 0 | BM42: 0 | BN42: 0 | BO42: 0 | BP42: 0 | BQ42: 0 | BR42: 0 | BT42: 0 | BX42: 0 | BZ42: 0 | CA42: 0 | CB42: 0 | CC42: 6 | CD42: 14 | CE42: 20 | CF42: 0 | CG42: 0 | CH42: 0 | CI42: 2 | CJ42: 0 | CK42: 22 | CL42: 0 | CM42: 207
A43: Linder Andreas | B43: L | C43: 74 | N43: 0 | V43: 0 | BH43: 0 | BI43: 0 | BK43: 0 | BL43: 0 | BM43: 0 | BN43: 0 | BO43: 0 | BQ43: 0 | BU43: 0 | CB43: 0 | CC43: 0 | CD43: 10 | CE43: 10 | CF43: 0 | CG43: 0 | CH43: 0 | CI43: 2 | CJ43: 0 | CK43: 12 | CL43: 0 | CM43: 86
A44: Lobert Marius | C44: 0 | BT44: 0 | BX44: 0 | CA44: 0 | CC44: 0 | CD44: 3 | CE44: 3 | CF44: 0 | CG44: 0 | CH44: 0 | CI44: 0 | CJ44: 0 | CK44: 3 | CL44: 0 | CM44: 3
A45: Löffler Marius | B45: L | C45: 121 | D45: 0 | G45: 0 | H45: 0 | K45: 0 | M45: 1 | U45: 0 | Y45: 0 | AA45: 0 | AB45: 0 | AC45: 0 | AD45: 0 | AE45: 0 | AF45: 0 | AG45: 0 | AH45: 0 | AI45: 0 | AJ45: 0 | AK45: 1 | AL45: 0 | AM45: 0 | AN45: 0 | AO45: 0 | AP45: 0 | AR45: 1 | AS45: 0 | AT45: 0 | AW45: 0 | AX45: 0 | AY45: 1 | AZ45: 0 | BA45: 0 | BB45: 0 | BC45: 0 | BD45: 1 | BE45: 0 | BF45: 0 | CC45: 30 | CD45: 0 | CE45: 30 | CF45: 4 | CG45: 0 | CH45: 4 | CI45: 6 | CJ45: 1 | CK45: 36 | CL45: 5 | CM45: 157
A46: Marte Marvin | B46: M | C46: 139 | D46: 2 | F46: 1 | G46: 0 | H46: 0 | K46: 0 | M46: 0 | N46: 0 | U46: 0 | Y46: 0 | AA46: 1 | AB46: 0 | AC46: 0 | AD46: 0 | AF46: 0 | AK46: 0 | AL46: 0 | AM46: 1 | AN46: 0 | AO46: 0 | AP46: 0 | AS46: 0 | AT46: 0 | AU46: 0 | AV46: 0 | AW46: 0 | AX46: 0 | AY46: 0 | AZ46: 0 | BA46: 0 | BB46: 0 | BC46: 0 | BD46: 0 | BF46: 0 | CC46: 25 | CD46: 0 | CE46: 25 | CF46: 2 | CG46: 0 | CH46: 2 | CI46: 8 | CJ46: 3 | CK46: 33 | CL46: 5 | CM46: 172
A47: Moosmann J. | B47: L | C47: 83 | CC47: 0 | CD47: 0 | CE47: 0 | CF47: 0 | CG47: 0 | CH47: 0 | CI47: 0 | CJ47: 0 | CK47: 0 | CL47: 0 | CM47: 83
A48: Moosmann Kay | B48: L | C48: 4 | N48: 0 | CC48: 0 | CD48: 0 | CE48: 0 | CF48: 0 | CG48: 0 | CH48: 0 | CI48: 1 | CJ48: 0 | CK48: 1 | CL48: 0 | CM48: 5
A49: Moosmann M. | B49: M | C49: 355 | CC49: 0 | CD49: 0 | CE49: 0 | CF49: 0 | CG49: 0 | CH49: 0 | CI49: 0 | CJ49: 0 | CK49: 0 | CL49: 0 | CM49: 355
A50: Müller Andre | B50: M | C50: 36 | D50: 0 | H50: 0 | M50: 0 | N50: 0 | V50: 1 | BH50: 0 | BI50: 0 | BJ50: 0 | BK50: 0 | BL50: 0 | BM50: 0 | BN50: 0 | BO50: 0 | BP50: 0 | BQ50: 0 | BR50: 0 | BT50: 0 | BU50: 0 | BV50: 0 | BW50: 0 | BX50: 0 | BY50: 0 | BZ50: 0 | CA50: 0 | CB50: 0 | CC50: 0 | CD50: 20 | CE50: 20 | CF50: 0 | CG50: 0 | CH50: 0 | CI50: 5 | CJ50: 1 | CK50: 25 | CL50: 1 | CM50: 61
A51: Müller Felix | B51: L | C51: 11 | H51: 0 | K51: 0 | U51: 0 | V51: 0 | AA51: 0 | AE51: 0 | AG51: 0 | AH51: 0 | AI51: 0 | AJ51: 0 | AK51: 0 | AL51: 0 | AM51: 0 | AP51: 0 | AS51: 0 | AT51: 0 | AX51: 0 | AY51: 0 | BI51: 0 | BJ51: 0 | BK51: 0 | BL51: 1 | BM51: 0 | BN51: 0 | BO51: 0 | BP51: 0 | BQ51: 0 | BR51: 0 | BU51: 0 | BX51: 0 | BZ51: 1 | CA51: 0 | CC51: 14 | CD51: 14 | CE51: 28 | CF51: 0 | CG51: 2 | CH51: 2 | CI51: 4 | CJ51: 0 | CK51: 32 | CL51: 2 | CM51: 43
A52: Müller Thorsten | B52: M | C52: 52 | F52: 0 | H52: 0 | M52: 0 | U52: 0 | V52: 0 | AD52: 0 | AG52: 0 | AI52: 0 | AJ52: 0 | AR52: 0 | AU52: 0 | BA52: 0 | BH52: 0 | BI52: 1 | BJ52: 0 | BK52: 0 | BL52: 1 | BM52: 0 | BN52: 1 | BP52: 0 | BQ52: 0 | BR52: 0 | BT52: 0 | BU52: 0 | BV52: 0 | BW52: 1 | BX52: 0 | BY52: 1 | CA52: 0 | CB52: 0 | CC52: 7 | CD52: 18 | CE52: 25 | CF52: 0 | CG52: 5 | CH52: 5 | CI52: 5 | CJ52: 0 | CK52: 30 | CL52: 5 | CM52: 82
A53: Müller-Kohl, Ricardo | B53: M | C53: 8 | CC53: 0 | CD53: 0 | CE53: 0 | CF53: 0 | CG53: 0 | CH53: 0 | CI53: 0 | CJ53: 0 | CK53: 0 | CL53: 0 | CM53: 8
A54: Murer Matthias | B54: L | C54: 265 | CC54: 0 | CD54: 0 | CE54: 0 | CF54: 0 | CG54: 0 | CH54: 0 | CI54: 0 | CJ54: 0 | CK54: 0 | CL54: 0 | CM54: 265
A55: Oehler Alex | B55: L | C55: 108 | CC55: 0 | CD55: 0 | CE55: 0 | CF55: 0 | CG55: 0 | CH55: 0 | CI55: 0 | CJ55: 0 | CK55: 0 | CL55: 0 | CM55: 108
A56: Oehler Christoph | B56: L | C56: 106 | CC56: 0 | CD56: 0 | CE56: 0 | CF56: 0 | CG56: 0 | CH56: 0 | CI56: 0 | CJ56: 0 | CK56: 0 | CL56: 0 | CM56: 106
A57: Pfundstein Andreas | B57: L | C57: 117 | BM57: 3 | CB57: 0 | CC57: 0 | CD57: 2 | CE57: 2 | CF57: 0 | CG57: 3 | CH57: 3 | CI57: 0 | CJ57: 0 | CK57: 2 | CL57: 3 | CM57: 119
A58: Preuss Jeremias | B58: M | C58: 69 | D58: 4 | F58: 0 | G58: 0 | H58: 0 | K58: 0 | M58: 2 | N58: 2 | AE58: 0 | AF58: 0 | AG58: 0 | AH58: 0 | AK58: 0 | AL58: 0 | AP58: 1 | AR58: 0 | AS58: 1 | AT58: 0 | AU58: 0 | AV58: 0 | AW58: 0 | AX58: 0 | AY58: 1 | BA58: 0 | BB58: 0 | BC58: 0 | BD58: 0 | BE58: 1 | BP58: 0 | CC58: 20 | CD58: 1 | CE58: 21 | CF58: 4 | CG58: 0 | CH58: 4 | CI58: 7 | CJ58: 8 | CK58: 28 | CL58: 12 | CM58: 97
A59: Preuss Jonas | B59: M | C59: 212 | D59: 1 | F59: 2 | G59: 2 | M59: 1 | N59: 4 | U59: 0 | Y59: 0 | AA59: 0 | AB59: 0 | AC59: 0 | AD59: 0 | AE59: 3 | AF59: 0 | AG59: 0 | AH59: 0 | AI59: 0 | AJ59: 1 | AW59: 0 | AX59: 0 | AY59: 0 | AZ59: 1 | BA59: 2 | BC59: 0 | BD59: 1 | BE59: 0 | BF59: 1 | BT59: 0 | CC59: 20 | CD59: 1 | CE59: 21 | CF59: 9 | CG59: 0 | CH59: 9 | CI59: 6 | CJ59: 10 | CK59: 27 | CL59: 19 | CM59: 239
A60: Preuss Marius | B60: M | C60: 13 | AZ60: 0 | BY60: 0 | CC60: 1 | CD60: 1 | CE60: 2 | CF60: 0 | CG60: 0 | CH60: 0 | CI60: 0 | CJ60: 0 | CK60: 2 | CL60: 0 | CM60: 15
A61: Preuss Philip | B61: M | C61: 95 | H61: 0 | V61: 0 | BH61: 0 | BJ61: 0 | BK61: 0 | BL61: 0 | BM61: 0 | BN61: 0 | BO61: 0 | BP61: 0 | BQ61: 0 | BT61: 0 | BU61: 0 | BV61: 0 | BW61: 0 | BX61: 0 | BY61: 0 | BZ61: 0 | CA61: 0 | CB61: 0 | CC61: 0 | CD61: 18 | CE61: 18 | CF61: 0 | CG61: 0 | CH61: 0 | CI61: 2 | CJ61: 0 | CK61: 20 | CL61: 0 | CM61: 115
A62: Reuter J. | B62: M | C62: 147 | K62: 0 | Y62: 0 | AA62: 0 | AB62: 0 | AC62: 0 | AE62: 0 | AF62: 0 | AH62: 0 | AI62: 0 | AJ62: 0 | AK62: 0 | AL62: 0 | AM62: 0 | AN62: 0 | AO62: 0 | AS62: 0 | AT62: 0 | AV62: 0 | AW62: 0 | AX62: 0 | AY62: 0 | BA62: 0 | BB62: 0 | BC62: 0 | BD62: 1 | BE62: 0 | BF62: 0 | CC62: 26 | CD62: 0 | CE62: 26 | CF62: 1 | CG62: 0 | CH62: 1 | CI62: 1 | CJ62: 0 | CK62: 27 | CL62: 1 | CM62: 174
A63: Roeder | B63: M | C63: 84 | BP63: 0 | BR63: 0 | CC63: 0 | CD63: 2 | CE63: 2 | CF63: 0 | CG63: 0 | CH63: 0 | CI63: 0 | CJ63: 0 | CK63: 2 | CL63: 0 | CM63: 86
A64: Ruoff Ulli | B64: L | C64: 317 | D64: 0 | H64: 0 | K64: 0 | M64: 0 | N64: 0 | V64: 0 | AT64: 0 | BH64: 0 | BI64: 0 | BJ64: 0 | BK64: 0 | BL64: 1 | BM64: 0 | BN64: 0 | BO64: 0 | BP64: 0 | BQ64: 0 | BT64: 0 | BU64: 0 | BV64: 0 | BW64: 0 | BX64: 0 | CB64: 0 | CC64: 1 | CD64: 16 | CE64: 17 | CF64: 0 | CG64: 1 | CH64: 1 | CI64: 6 | CJ64: 0 | CK64: 23 | CL64: 1 | CM64: 340
A65: Schaumann David | B65: M | C65: 0 | V65: 0 | AN65: 0 | AU65: 0 | AV65: 0 | AY65: 0 | AZ65: 0 | BB65: 0 | BD65: 0 | BF65: 0 | BH65: 0 | BL65: 1 | BM65: 0 | BO65: 0 | BQ65: 0 | BU65: 0 | BW65: 0 | BX65: 0 | CC65: 8 | CD65: 8 | CE65: 16 | CF65: 0 | CG65: 1 | CH65: 1 | CI65: 1 | CJ65: 0 | CK65: 17 | CL65: 1 | CM65: 17
A66: Schaumann Seb | B66: M | C66: 77 | D66: 1 | G66: 1 | H66: 0 | K66: 0 | U66: 0 | Y66: 0 | AA66: 1 | AB66: 0 | AC66: 1 | AD66: 0 | AE66: 1 | AG66: 0 | AK66: 0 | AL66: 0 | AM66: 1 | AN66: 0 | AO66: 0 | AP66: 0 | AR66: 0 | AS66: 0 | AT66: 0 | AU66: 0 | AV66: 0 | BB66: 0 | BC66: 0 | BD66: 0 | BE66: 0 | BF66: 0 | BV66: 0 | CC66: 23 | CD66: 1 | CE66: 24 | CF66: 4 | CG66: 0 | CH66: 4 | CI66: 5 | CJ66: 2 | CK66: 29 | CL66: 6 | CM66: 106
A67: Schwenk Kevin | B67: L | C67: 136 | K67: 0 | AT67: 0 | AU67: 0 | AV67: 0 | BU67: 0 | BV67: 0 | BW67: 1 | BX67: 0 | BY67: 0 | BZ67: 0 | CB67: 0 | CC67: 3 | CD67: 7 | CE67: 10 | CF67: 0 | CG67: 1 | CH67: 1 | CI67: 1 | CJ67: 0 | CK67: 11 | CL67: 1 | CM67: 147
A68: Seidel Jan | C68: 7 | F68: 0 | G68: 1 | N68: 0 | V68: 0 | Y68: 0 | BI68: 0 | BJ68: 0 | BL68: 0 | BM68: 0 | BN68: 1 | BU68: 0 | BW68: 0 | CC68: 1 | CD68: 7 | CE68: 8 | CF68: 0 | CG68: 1 | CH68: 1 | CI68: 4 | CJ68: 1 | CK68: 12 | CL68: 2 | CM68: 19
A69: Sekinger Fabian | B69: L | C69: 47 | D69: 0 | M69: 0 | N69: 0 | U69: 0 | V69: 0 | Y69: 0 | AG69: 0 | BH69: 0 | BI69: 0 | BJ69: 0 | BK69: 0 | CC69: 2 | CD69: 4 | CE69: 6 | CF69: 0 | CG69: 0 | CH69: 0 | CI69: 5 | CJ69: 0 | CK69: 11 | CL69: 0 | CM69: 58
A70: Staiger Elmar | B70: L | C70: 205 | CC70: 0 | CD70: 0 | CE70: 0 | CF70: 0 | CG70: 0 | CH70: 0 | CI70: 0 | CJ70: 0 | CK70: 0 | CL70: 0 | CM70: 205
A71: Staiger Tobias | B71: L | C71: 250 | AU71: 0 | AV71: 0 | AW71: 0 | AX71: 2 | AY71: 0 | BD71: 0 | BE71: 2 | BF71: 0 | BJ71: 0 | BQ71: 0 | BT71: 0 | CC71: 8 | CD71: 3 | CE71: 11 | CF71: 4 | CG71: 0 | CH71: 4 | CI71: 0 | CJ71: 0 | CK71: 11 | CL71: 4 | CM71: 261
A72: Stein Matthias | B72: L | C72: 130 | CC72: 0 | CD72: 0 | CE72: 0 | CF72: 0 | CG72: 0 | CH72: 0 | CI72: 0 | CJ72: 0 | CK72: 0 | CL72: 0 | CM72: 130
A73: Stern Alexander | B73: M | C73: 91 | D73: 0 | F73: 0 | G73: 0 | H73: 0 | K73: 0 | M73: 0 | N73: 0 | U73: 0 | V73: 0 | Y73: 0 | AA73: 0 | AB73: 0 | AC73: 0 | AG73: 0 | AH73: 0 | AI73: 0 | AJ73: 0 | AK73: 0 | AL73: 0 | AM73: 0 | AN73: 0 | AO73: 0 | AP73: 0 | AR73: 0 | AS73: 0 | AT73: 0 | AU73: 0 | AV73: 0 | AZ73: 0 | BA73: 0 | BB73: 0 | BC73: 0 | BD73: 0 | BE73: 0 | BF73: 0 | BK73: 0 | BW73: 0 | CC73: 26 | CD73: 2 | CE73: 28 | CF73: 0 | CG73: 0 | CH73: 0 | CI73: 9 | CJ73: 0 | CK73: 37 | CL73: 0 | CM73: 128
A74: Storz Tobi | B74: M | C74: 107 | CC74: 0 | CD74: 0 | CE74: 0 | CF74: 0 | CG74: 0 | CH74: 0 | CI74: 0 | CJ74: 0 | CK74: 0 | CL74: 0 | CM74: 107
A75: Thies Yannick | C75: 0 | CB75: 0 | CC75: 0 | CD75: 1 | CE75: 1 | CF75: 0 | CG75: 0 | CH75: 0 | CI75: 0 | CJ75: 0 | CK75: 1 | CL75: 0 | CM75: 1
A76: Tramnitz Christoph | B76: L | C76: 98 | D76: 0 | G76: 1 | K76: 0 | M76: 0 | Y76: 0 | AA76: 1 | AB76: 0 | AE76: 0 | AF76: 0 | AG76: 0 | AH76: 0 | AI76: 0 | AJ76: 0 | AK76: 1 | AL76: 0 | AM76: 0 | AN76: 0 | AP76: 1 | AR76: 0 | AS76: 1 | AT76: 0 | BZ76: 0 | CA76: 0 | CC76: 17 | CD76: 2 | CE76: 19 | CF76: 4 | CG76: 0 | CH76: 4 | CI76: 4 | CJ76: 1 | CK76: 23 | CL76: 5 | CM76: 121
A77: Tramnitz Lukas | B77: L | C77: 12 | U77: 0 | Y77: 0 | AA77: 0 | AB77: 0 | AC77: 0 | AD77: 0 | AE77: 1 | AF77: 0 | AG77: 0 | AH77: 0 | AI77: 0 | AJ77: 0 | AK77: 1 | AL77: 0 | AM77: 2 | AN77: 0 | AO77: 0 | AP77: 0 | AS77: 0 | CC77: 18 | CD77: 0 | CE77: 18 | CF77: 4 | CG77: 0 | CH77: 4 | CI77: 1 | CJ77: 0 | CK77: 19 | CL77: 4 | CM77: 31
A78: Trenkle Jan | B78: M | C78: 48 | F78: 0 | G78: 0 | BJ78: 0 | BL78: 0 | BM78: 0 | BN78: 0 | BO78: 0 | BQ78: 1 | BW78: 1 | BY78: 1 | BZ78: 0 | CC78: 0 | CD78: 9 | CE78: 9 | CF78: 0 | CG78: 3 | CH78: 3 | CI78: 2 | CJ78: 0 | CK78: 11 | CL78: 3 | CM78: 59
A79: Verino Roberto | B79: M | C79: 96 | CC79: 0 | CD79: 0 | CE79: 0 | CF79: 0 | CG79: 0 | CH79: 0 | CI79: 0 | CJ79: 0 | CK79: 0 | CL79: 0 | CM79: 96
A80: Zehnder Matze | B80: M | C80: 49 | F80: 0 | N80: 0 | V80: 0 | BH80: 0 | BJ80: 0 | BK80: 0 | BL80: 0 | BM80: 0 | BN80: 0 | BO80: 0 | BP80: 0 | BQ80: 0 | BR80: 0 | BT80: 0 | BU80: 0 | BV80: 0 | BW80: 1 | BX80: 0 | BY80: 0 | CA80: 0 | CC80: 0 | CD80: 17 | CE80: 17 | CF80: 0 | CG80: 1 | CH80: 1 | CI80: 3 | CJ80: 0 | CK80: 20 | CL80: 1 | CM80: 69

Sheet 17-18
E1: Saison 17/18
A2: Spieler | C2: Spiele bisher | D2: Freundschaftsspiele | T2: Pokalspiele | Y2: Punktspiele | BZ2: Anzahl
E3: I | F3: I | G3: I | H3: I | I3: I | J3: I | K3: I | L3: I | M3: I | O3: II | P3: II | T3: I | V3: II | Y3: I | Z3: I | AA3: I | AB3: I | AC3: I | AD3: I | AE3: I | AF3: I | AG3: I | AH3: I | AI3: I | AJ3: I | AK3: I | AL3: I | AM3: I | AN3: I | AO3: I | AP3: I | AQ3: I | AR3: I | AS3: I | AT3: I | AU3: I | AV3: I | AW3: I | AX3: I | AY3: I | AZ3: I | BA3: I | BB3: I | BD3: II | BE3: II | BF3: II | BG3: II | BH3: II | BI3: II | BJ3: II | BK3: II | BL3: II | BM3: II | BN3: II | BO3: II | BP3: II | BQ3: II | BR3: II | BS3: II | BT3: II | BU3: II | BV3: II | BW3: II | BX3: II | BY3: II
E4: So, 16.07.17 SG Lo/​Ma I : SV Tuningen | F4: Mi, 19.07.2017 SG Lo/​Ma I : FV Kickers Lauterbach | G4: Sa, 29.07.2017 SG Lo/​Ma I : Spvgg 08 Schramberg | H4: So, 06.08.2017 SG Lo/​Ma I : SC Kaltbrunn | I4: Sa, 03.02.18 Spvgg Stetten-Lackendorf : SG Lo/​Ma I | J4: Di, 06.02.18 SC Kaltbrunn: SG Lo/​Ma I | K4: So, 18.02.18 Spvgg 08 Schramberg : SG Lo/​Ma I | L4: Do, 22.02.18 FV Kickers Lauterbach : SG Lo/​Ma I | M4: Do, 01.03.18 FV Kickers Lauterbach : SG Lo/​Ma I | O4: Sa, 12.08.17 SG Lo/​Ma II : FC Hardt II | P4: So, 27.08.17 SV Horgen II : SG Lo/​Ma II | T4: Mi, 30.08.2017 FC Frittlingen : SG Lo/​Ma | V4: Mi, 30.08.17 SG Lo/​Ma II : Türk SV Schramberg | Y4: So, 20.08.17 Türk SV Schramberg : SG Lo/​Ma I | Z4: Mi, 23.08.17 SG Lo/​Ma I : SV Winzeln | AA4: Sa, 26.08.17 SGM Deißlingen/​Lauffen : SG Lo/​Ma I | AB4: So. 03.09.17 SG Lo/​Ma I : SPIELFREI | AC4: So. 10.09.17 SG Lo/​Ma I : SC Lindenhof | AD4: Do. 14.09.17 FC Hardt : SG Lo/​Ma I | AE4: So. 17.09.17 SG Lo/​Ma I : FC Suebia Rottweil | AF4: 24.09.17 SV Irslingen : SG Lo/​Ma I | AG4: 01.10.17 SG Lo/​Ma I : FC Epfendorf | AH4: 08.10.17 SV Harthausen : SG Lo/​Ma I | AI4: So. 15.10.17 SG Lo/​Ma I : SV Horgen | AJ4: So. 22.10.17 SV Waldmössingen : SG Lo/​Ma I | AK4: So. 29.10.17 SG MaLo I : Spvgg Oberndorf | AL4: So, 05.11.17 SV Herrenzimmern : SG Lo/​Ma I | AM4: So, 15.03.18 SG Lo/​Ma I : FSV Zepfenhan | AN4: So, 28.03.18 SG Lo/​Ma I : Türk SV Schramberg | AO4: Sa, 22.03.18 SV Winzeln : SG Lo/​Ma I | AP4: So, 11.03.18 SG Lo/​Ma I : SGM Deißlingen/​Lauffen | AQ4: So, 18.03.18 SG Lo/​Ma I : SPIELFREI | AR4: So, 25.03.18 SC Lindenhof : SG Lo/​Ma I | AS4: Sa, 31.03.18 SG Lo/​Ma I : FC Hardt | AT4: So, 08.04.18 FC Suebia Rottweil : SG Lo/​Ma I | AU4: So, 15.04.18 SG Lo/​Ma I : SV Irslingen | AV4: So, 22.04.18 FC Epfendorf : SG Lo/​Ma I | AW4: So, 29.04.18 SG Lo/​Ma I : SV Harthausen | AX4: Fr, 04.05.18 SV Horgen : SG Lo/​Ma I | AY4: So, 13.05.18 SG Lo/​Ma I : SV Waldmössingen | AZ4: So, 27.05.18 Spvgg Oberndorf : SG Lo/​Ma I | BA4: So, 03.06.18 SG Lo/​Ma I : SV Herrenzimmern | BB4: So, 10.06.18 FSV Zepfenhan : SG Lo/​Ma I | BD4: Fr, 08.09.2017 SG Lo/​Ma II : FC Göllsdorf II | BE4: So, 17.09.2017 SGM Aichhalden/​Rötenberg III : SG Lo/​Ma II | BF4: So, 24.09.2017 SG Lo/​Ma II : SV Sulgen II | BG4: So, 01.10.2017 SG Lo/​Ma II : SC Lindenhof II | BH4: Fr, 06.10.2017 FC Göllsdorf II : SG Lo/​Ma II | BI4: So, 15.10.2017 SG Lo/​Ma II : Spvgg 08 Schramberg II | BJ4: So, 22.10.2017 FC Dunningen II : SG Lo/​Ma II | BK4: So, 29.10.2017 SG Lo/​Ma II : Spvgg Stetten-Lackendorf I | BL4: So, 05.11.2017 SV Waldmössingen II : SG Lo/​Ma II | BM4: Fr, 13.04.2018 SG Lo/​Ma II : FV Kickers Lauterbach II | BN4: Do, 29.03.2018 SV Herrenzimmern II : SG Lo/​Ma II | BO4: Fr, 20.04.2018 SG Lo/​Ma II : SV Winzeln II | BP4: So, 25.03.2018 SC Lindenhof II : SG Lo/​Ma II | BQ4: So, 08.04.2018 Spvgg 08 Schramberg II : SG Lo/​Ma II | BR4: So, 15.04.2018 SG Lo/​Ma II : FC Dunningen II | BS4: So, 22.04.2018 Spvgg Stetten-Lackendorf II : SG Lo/​Ma II | BT4: So, 29.04.2018 SG Lo/​Ma II : SV Waldmössingen II | BU4: Do, 10.05.2018 FV Kickers Lauterbach II : SG Lo/​Ma II | BV4: So, 13.05.2018 SG Lo/​Ma II : SV Herrenzimmern II | BW4: So, 27.05.2018 SV Sulgen II : SG Lo/​Ma II | BX4: So, 03.06.2018 SG Lo/​Ma II : SGM Aichhalden/​Rötenberg III | BY4: So, 10.06.2018 SV Winzeln II : SG Lo/​Ma II | BZ4: Punktspiele I | CA4: Punktspiele II | CB4: Punktspiele I+II | CC4: Tore Punktspiele I | CD4: Tore Punktspiele II | CE4: Tore Punktspiele I+II | CF4: Freundschaftssp. | CG4: Tore Freundschaftssp. | CH4: Spiele | CI4: Tore | CJ4: Spiele gesamt
A5: Aichele Thomas | B5: L | C5: 131 | BZ5: 0 | CA5: 0 | CB5: 0 | CC5: 0 | CD5: 0 | CE5: 0 | CF5: 0 | CG5: 131 | CH5: 0 | CI5: 131 | CJ5: 131
A6: Auber Armin | B6: M | C6: 32 | BP6: 0 | BZ6: 0 | CA6: 1 | CB6: 1 | CC6: 0 | CD6: 0 | CE6: 0 | CF6: 0 | CG6: 32 | CH6: 1 | CI6: 32 | CJ6: 33
A7: Auber Axel | B7: M | C7: 382 | BZ7: 0 | CA7: 0 | CB7: 0 | CC7: 0 | CD7: 0 | CE7: 0 | CF7: 0 | CG7: 382 | CH7: 0 | CI7: 382 | CJ7: 382
A8: Auber Manuel | C8: 6 | BZ8: 0 | CA8: 0 | CB8: 0 | CC8: 0 | CD8: 0 | CE8: 0 | CF8: 0 | CG8: 6 | CH8: 0 | CI8: 6 | CJ8: 6
A9: Augstein M | B9: L | C9: 269 | V9: 0 | BK9: 0 | BL9: 0 | BY9: 0 | BZ9: 0 | CA9: 3 | CB9: 3 | CC9: 0 | CD9: 0 | CE9: 0 | CF9: 1 | CG9: 269 | CH9: 4 | CI9: 269 | CJ9: 273
A10: Bannert Dirk | B10: L | C10: 273 | BZ10: 0 | CA10: 0 | CB10: 0 | CC10: 0 | CD10: 0 | CE10: 0 | CF10: 0 | CG10: 273 | CH10: 0 | CI10: 273 | CJ10: 273
A11: Barwari Sarbast | C11: 13 | BN11: 0 | BP11: 0 | BQ11: 0 | BR11: 0 | BU11: 0 | BV11: 1 | BW11: 0 | BX11: 0 | BZ11: 0 | CA11: 8 | CB11: 8 | CC11: 0 | CD11: 1 | CE11: 1 | CF11: 0 | CG11: 13 | CH11: 8 | CI11: 14 | CJ11: 21
A12: Bea, Marc | C12: 0 | BQ12: 0 | BZ12: 0 | CA12: 1 | CB12: 1 | CC12: 0 | CD12: 0 | CE12: 0 | CF12: 0 | CG12: 0 | CH12: 1 | CI12: 0 | CJ12: 1
A13: Bekir Kilic | B13: L | C13: 137 | BZ13: 0 | CA13: 0 | CB13: 0 | CC13: 0 | CD13: 0 | CE13: 0 | CF13: 0 | CG13: 137 | CH13: 0 | CI13: 137 | CJ13: 137
A14: Benner, Florian | B14: M | C14: 65 | BI14: 0 | BJ14: 0 | BM14: 0 | BN14: 0 | BO14: 0 | BP14: 0 | BQ14: 0 | BR14: 0 | BS14: 0 | BT14: 0 | BV14: 0 | BW14: 0 | BX14: 0 | BY14: 0 | BZ14: 0 | CA14: 14 | CB14: 14 | CC14: 0 | CD14: 0 | CE14: 0 | CF14: 0 | CG14: 65 | CH14: 14 | CI14: 65 | CJ14: 79
A15: Binnig Andre | B15: L | C15: 158 | F15: 0 | H15: 0 | J15: 0 | O15: 0 | Y15: 0 | Z15: 0 | AA15: 0 | AC15: 0 | AD15: 0 | AE15: 0 | AF15: 0 | AH15: 0 | AI15: 0 | AK15: 0 | AL15: 0 | AN15: 0 | AO15: 0 | AP15: 0 | AR15: 0 | AS15: 0 | AT15: 0 | AU15: 0 | AZ15: 0 | BT15: 0 | BZ15: 19 | CA15: 1 | CB15: 20 | CC15: 0 | CD15: 0 | CE15: 0 | CF15: 4 | CG15: 158 | CH15: 24 | CI15: 158 | CJ15: 182
A16: Bosch M. | B16: L | C16: 462 | E16: 0 | J16: 0 | O16: 0 | P16: 0 | Y16: 0 | AX16: 0 | BD16: 0 | BE16: 0 | BG16: 0 | BI16: 0 | BJ16: 0 | BL16: 0 | BM16: 0 | BN16: 0 | BO16: 0 | BP16: 0 | BQ16: 0 | BR16: 0 | BS16: 0 | BT16: 0 | BU16: 0 | BX16: 0 | BY16: 0 | BZ16: 2 | CA16: 17 | CB16: 19 | CC16: 0 | CD16: 0 | CE16: 0 | CF16: 4 | CG16: 462 | CH16: 23 | CI16: 462 | CJ16: 485
A17: Broghammer Felix | C17: 1 | BF17: 0 | BZ17: 0 | CA17: 1 | CB17: 1 | CC17: 0 | CD17: 0 | CE17: 0 | CF17: 0 | CG17: 1 | CH17: 1 | CI17: 1 | CJ17: 2
A18: Broghammer Michael | B18: M | C18: 25 | BZ18: 0 | CA18: 0 | CB18: 0 | CC18: 0 | CD18: 0 | CE18: 0 | CF18: 0 | CG18: 25 | CH18: 0 | CI18: 25 | CJ18: 25
A19: Coraci Davide | B19: L | C19: 51 | P19: 0 | V19: 0 | BF19: 0 | BG19: 0 | BL19: 0 | BN19: 0 | BZ19: 0 | CA19: 4 | CB19: 4 | CC19: 0 | CD19: 0 | CE19: 0 | CF19: 2 | CG19: 51 | CH19: 6 | CI19: 51 | CJ19: 57
A20: Czerny A | B20: M | C20: 228 | BZ20: 0 | CA20: 0 | CB20: 0 | CC20: 0 | CD20: 0 | CE20: 0 | CF20: 0 | CG20: 228 | CH20: 0 | CI20: 228 | CJ20: 228
A21: Dereck Christian | B21: M | C21: 69 | BZ21: 0 | CA21: 0 | CB21: 0 | CC21: 0 | CD21: 0 | CE21: 0 | CF21: 0 | CG21: 69 | CH21: 0 | CI21: 69 | CJ21: 69
A22: Dold Markus | B22: M | C22: 152 | F22: 0 | BZ22: 0 | CA22: 0 | CB22: 0 | CC22: 0 | CD22: 0 | CE22: 0 | CF22: 1 | CG22: 152 | CH22: 1 | CI22: 152 | CJ22: 153
A23: Ebert D. | B23: M | C23: 387 | BZ23: 0 | CA23: 0 | CB23: 0 | CC23: 0 | CD23: 0 | CE23: 0 | CF23: 0 | CG23: 387 | CH23: 0 | CI23: 387 | CJ23: 387
A24: Ebert M. | B24: M | C24: 269 | O24: 0 | T24: 0 | Y24: 0 | Z24: 0 | AA24: 0 | AC24: 0 | AD24: 0 | AE24: 0 | AF24: 0 | AM24: 0 | AN24: 0 | AO24: 0 | AP24: 0 | AR24: 0 | AT24: 0 | AU24: 0 | AV24: 0 | AW24: 0 | AY24: 0 | AZ24: 0 | BA24: 0 | BB24: 0 | BM24: 0 | BT24: 0 | BU24: 0 | BZ24: 20 | CA24: 3 | CB24: 23 | CC24: 0 | CD24: 0 | CE24: 0 | CF24: 2 | CG24: 269 | CH24: 25 | CI24: 269 | CJ24: 294
A25: Engesser M. | B25: M | C25: 167 | BZ25: 0 | CA25: 0 | CB25: 0 | CC25: 0 | CD25: 0 | CE25: 0 | CF25: 0 | CG25: 167 | CH25: 0 | CI25: 167 | CJ25: 167
A26: Ettwein Kevin | B26: L | C26: 8 | BZ26: 0 | CA26: 0 | CB26: 0 | CC26: 0 | CD26: 0 | CE26: 0 | CF26: 0 | CG26: 8 | CH26: 0 | CI26: 8 | CJ26: 8
A27: Ettwein Dennis | B27: L | C27: 32 | BZ27: 0 | CA27: 0 | CB27: 0 | CC27: 0 | CD27: 0 | CE27: 0 | CF27: 0 | CG27: 32 | CH27: 0 | CI27: 32 | CJ27: 32
A28: Flaig Elias | C28: 6 | E28: 0 | H28: 0 | J28: 0 | T28: 0 | Y28: 0 | AG28: 0 | AI28: 0 | AJ28: 0 | AK28: 0 | AL28: 0 | AM28: 0 | AZ28: 0 | BA28: 0 | BD28: 0 | BE28: 0 | BF28: 0 | BH28: 0 | BJ28: 0 | BL28: 0 | BM28: 0 | BN28: 0 | BO28: 0 | BP28: 0 | BQ28: 2 | BR28: 1 | BS28: 0 | BT28: 0 | BU28: 1 | BV28: 0 | BW28: 1 | BY28: 0 | BZ28: 9 | CA28: 18 | CB28: 27 | CC28: 0 | CD28: 5 | CE28: 5 | CF28: 4 | CG28: 6 | CH28: 31 | CI28: 11 | CJ28: 37
A29: Flaig Maximilian | C29: 0 | AC29: 1 | AE29: 0 | AF29: 1 | AO29: 0 | AS29: 0 | AU29: 0 | AV29: 0 | AW29: 0 | AX29: 0 | AY29: 0 | AZ29: 0 | BB29: 0 | BZ29: 12 | CA29: 0 | CB29: 12 | CC29: 2 | CD29: 0 | CE29: 2 | CF29: 0 | CG29: 0 | CH29: 12 | CI29: 2 | CJ29: 12
A30: Ganter F. | B30: M | C30: 401 | BZ30: 0 | CA30: 0 | CB30: 0 | CC30: 0 | CD30: 0 | CE30: 0 | CF30: 0 | CG30: 401 | CH30: 0 | CI30: 401 | CJ30: 401
A31: Ginter Colin | C31: 9 | E31: 0 | F31: 1 | O31: 0 | T31: 0 | AC31: 0 | AD31: 0 | AE31: 0 | AF31: 0 | AG31: 0 | AH31: 0 | AI31: 0 | AJ31: 0 | AK31: 1 | AL31: 1 | AX31: 0 | AY31: 0 | BA31: 0 | BB31: 0 | BD31: 1 | BE31: 0 | BI31: 2 | BM31: 0 | BP31: 0 | BQ31: 0 | BR31: 0 | BS31: 0 | BT31: 0 | BZ31: 14 | CA31: 9 | CB31: 23 | CC31: 2 | CD31: 3 | CE31: 5 | CF31: 4 | CG31: 10 | CH31: 27 | CI31: 15 | CJ31: 36
A32: Glase Rico | B32: M | C32: 41 | BZ32: 0 | CA32: 0 | CB32: 0 | CC32: 0 | CD32: 0 | CE32: 0 | CF32: 0 | CG32: 41 | CH32: 0 | CI32: 41 | CJ32: 41
A33: Günter Ralf | B33: L | C33: 227 | E33: 0 | F33: 0 | O33: 1 | T33: 0 | Y33: 0 | Z33: 0 | AA33: 0 | AC33: 0 | AD33: 0 | AE33: 0 | AF33: 0 | AG33: 0 | AH33: 1 | AI33: 0 | AJ33: 0 | AK33: 0 | AL33: 0 | BO33: 0 | BS33: 0 | BZ33: 13 | CA33: 2 | CB33: 15 | CC33: 1 | CD33: 0 | CE33: 1 | CF33: 4 | CG33: 228 | CH33: 19 | CI33: 229 | CJ33: 246
A34: Haberstroh Benny | B34: M | C34: 19 | BZ34: 0 | CA34: 0 | CB34: 0 | CC34: 0 | CD34: 0 | CE34: 0 | CF34: 0 | CG34: 19 | CH34: 0 | CI34: 19 | CJ34: 19
A35: Haberstroh Michael | B35: M | C35: 7 | BZ35: 0 | CA35: 0 | CB35: 0 | CC35: 0 | CD35: 0 | CE35: 0 | CF35: 0 | CG35: 7 | CH35: 0 | CI35: 7 | CJ35: 7
A36: Haberstroh Raphael | B36: M | C36: 199 | E36: 0 | F36: 1 | H36: 0 | J36: 0 | T36: 0 | Y36: 0 | Z36: 0 | AC36: 0 | AD36: 0 | AE36: 0 | AF36: 0 | AG36: 0 | AH36: 0 | AI36: 0 | AJ36: 0 | AL36: 0 | AM36: 0 | AN36: 0 | AO36: 0 | AP36: 0 | AR36: 0 | AT36: 0 | AU36: 0 | AV36: 0 | AW36: 1 | AX36: 0 | AY36: 0 | AZ36: 0 | BB36: 0 | BK36: 3 | BZ36: 24 | CA36: 1 | CB36: 25 | CC36: 1 | CD36: 3 | CE36: 4 | CF36: 5 | CG36: 200 | CH36: 30 | CI36: 204 | CJ36: 229
A37: Hauser Marcel | B37: L | C37: 46 | E37: 0 | F37: 0 | H37: 0 | AM37: 0 | BD37: 0 | BE37: 0 | BF37: 0 | BG37: 0 | BH37: 0 | BJ37: 0 | BM37: 0 | BN37: 0 | BO37: 0 | BP37: 0 | BR37: 0 | BS37: 0 | BT37: 0 | BU37: 0 | BV37: 0 | BW37: 0 | BX37: 0 | BY37: 0 | BZ37: 1 | CA37: 18 | CB37: 19 | CC37: 0 | CD37: 0 | CE37: 0 | CF37: 3 | CG37: 46 | CH37: 22 | CI37: 46 | CJ37: 68
A38: Heilmann M. | B38: M | C38: 246 | BZ38: 0 | CA38: 0 | CB38: 0 | CC38: 0 | CD38: 0 | CE38: 0 | CF38: 0 | CG38: 246 | CH38: 0 | CI38: 246 | CJ38: 246
A39: Hornikel A. | B39: M | C39: 339 | BZ39: 0 | CA39: 0 | CB39: 0 | CC39: 0 | CD39: 0 | CE39: 0 | CF39: 0 | CG39: 339 | CH39: 0 | CI39: 339 | CJ39: 339
A40: Jäckle M. | B40: M | C40: 276 | BZ40: 0 | CA40: 0 | CB40: 0 | CC40: 0 | CD40: 0 | CE40: 0 | CF40: 0 | CG40: 276 | CH40: 0 | CI40: 276 | CJ40: 276
A41: Jaki S. | B41: M | C41: 504 | Z41: 0 | BD41: 3 | BG41: 1 | BH41: 3 | BJ41: 2 | BL41: 0 | BM41: 1 | BO41: 1 | BV41: 4 | BX41: 5 | BZ41: 1 | CA41: 9 | CB41: 10 | CC41: 0 | CD41: 20 | CE41: 20 | CF41: 0 | CG41: 504 | CH41: 10 | CI41: 524 | CJ41: 514
A42: Jauch Jo. | B42: M | C42: 357 | P42: 0 | V42: 0 | BI42: 0 | BK42: 0 | BQ42: 0 | BZ42: 0 | CA42: 3 | CB42: 3 | CC42: 0 | CD42: 0 | CE42: 0 | CF42: 2 | CG42: 357 | CH42: 5 | CI42: 357 | CJ42: 362
A43: Jauch Jürgen | B43: M | C43: 216 | BZ43: 0 | CA43: 0 | CB43: 0 | CC43: 0 | CD43: 0 | CE43: 0 | CF43: 0 | CG43: 216 | CH43: 0 | CI43: 216 | CJ43: 216
A44: Kimmich Simeon | C44: 35 | BB44: 0 | BD44: 1 | BE44: 0 | BG44: 0 | BH44: 0 | BI44: 0 | BJ44: 0 | BK44: 0 | BO44: 0 | BP44: 0 | BQ44: 1 | BS44: 0 | BU44: 0 | BZ44: 1 | CA44: 12 | CB44: 13 | CC44: 0 | CD44: 2 | CE44: 2 | CF44: 0 | CG44: 35 | CH44: 13 | CI44: 37 | CJ44: 48
A45: Klausmann M. | B45: M | C45: 260 | O45: 0 | Y45: 0 | BD45: 1 | BH45: 0 | BZ45: 1 | CA45: 2 | CB45: 3 | CC45: 0 | CD45: 1 | CE45: 1 | CF45: 1 | CG45: 260 | CH45: 4 | CI45: 261 | CJ45: 264
A46: Kuner Andreas | C46: 0 | AM46: 0 | AO46: 0 | AR46: 0 | AS46: 0 | AV46: 0 | AW46: 0 | AZ46: 0 | BA46: 0 | BB46: 0 | BZ46: 9 | CA46: 0 | CB46: 9 | CC46: 0 | CD46: 0 | CE46: 0 | CF46: 0 | CG46: 0 | CH46: 9 | CI46: 0 | CJ46: 9
A47: Kuner Matthias | C47: 72 | E47: 0 | F47: 0 | H47: 0 | J47: 0 | O47: 0 | T47: 1 | Z47: 0 | AA47: 0 | AC47: 0 | AD47: 0 | AE47: 0 | AF47: 0 | AH47: 0 | AI47: 0 | AK47: 1 | AL47: 0 | AN47: 0 | AO47: 0 | AR47: 0 | AS47: 0 | AT47: 0 | AU47: 0 | AV47: 0 | AW47: 1 | AX47: 0 | AZ47: 0 | BB47: 0 | BZ47: 21 | CA47: 0 | CB47: 21 | CC47: 2 | CD47: 0 | CE47: 2 | CF47: 6 | CG47: 73 | CH47: 27 | CI47: 75 | CJ47: 99
A48: Klein Daniel | B48: M | C48: 226 | E48: 0 | J48: 0 | O48: 0 | T48: 0 | Y48: 0 | Z48: 0 | AA48: 0 | AC48: 0 | AD48: 0 | AE48: 0 | AF48: 0 | AG48: 0 | AH48: 0 | AI48: 0 | AJ48: 0 | AK48: 0 | AL48: 0 | AN48: 0 | AO48: 0 | AP48: 0 | AR48: 0 | AS48: 0 | AT48: 0 | AU48: 0 | AV48: 0 | AW48: 0 | AX48: 0 | AY48: 0 | AZ48: 0 | BA48: 0 | BB48: 0 | BZ48: 27 | CA48: 0 | CB48: 27 | CC48: 0 | CD48: 0 | CE48: 0 | CF48: 4 | CG48: 226 | CH48: 31 | CI48: 226 | CJ48: 257
A49: Letzel Marvin | C49: 3 | P49: 0 | BQ49: 0 | BW49: 0 | BX49: 0 | BZ49: 0 | CA49: 3 | CB49: 3 | CC49: 0 | CD49: 0 | CE49: 0 | CF49: 1 | CG49: 3 | CH49: 4 | CI49: 3 | CJ49: 7
A50: Linder Andreas | B50: L | C50: 96 | O50: 0 | P50: 0 | BE50: 0 | BF50: 0 | BG50: 0 | BH50: 0 | BI50: 0 | BJ50: 0 | BK50: 0 | BL50: 0 | BM50: 0 | BN50: 0 | BQ50: 0 | BR50: 0 | BS50: 0 | BU50: 0 | BV50: 0 | BX50: 0 | BZ50: 0 | CA50: 16 | CB50: 16 | CC50: 0 | CD50: 0 | CE50: 0 | CF50: 2 | CG50: 96 | CH50: 18 | CI50: 96 | CJ50: 114
A51: Lobert Marius | C51: 16 | P51: 0 | V51: 0 | BZ51: 0 | CA51: 0 | CB51: 0 | CC51: 0 | CD51: 0 | CE51: 0 | CF51: 2 | CG51: 16 | CH51: 2 | CI51: 16 | CJ51: 18
A52: Löffler Marius | B52: L | C52: 182 | E52: 0 | F52: 0 | J52: 0 | T52: 1 | Z52: 0 | AA52: 0 | AC52: 0 | AD52: 0 | AE52: 0 | AF52: 0 | AG52: 0 | AH52: 0 | AI52: 0 | AJ52: 0 | AK52: 0 | AL52: 0 | AM52: 0 | AO52: 0 | AP52: 0 | AR52: 1 | AS52: 0 | AT52: 0 | AU52: 0 | AV52: 0 | AW52: 0 | AX52: 0 | AY52: 1 | AZ52: 0 | BA52: 0 | BB52: 0 | BZ52: 26 | CA52: 0 | CB52: 26 | CC52: 2 | CD52: 0 | CE52: 2 | CF52: 4 | CG52: 183 | CH52: 30 | CI52: 185 | CJ52: 212
A53: Marte Marvin | B53: M | C53: 197 | J53: 0 | AM53: 0 | AN53: 1 | AO53: 0 | AP53: 0 | AR53: 0 | AS53: 0 | AT53: 0 | AU53: 0 | AV53: 0 | AW53: 0 | AX53: 0 | AY53: 0 | BZ53: 12 | CA53: 0 | CB53: 12 | CC53: 1 | CD53: 0 | CE53: 1 | CF53: 1 | CG53: 197 | CH53: 13 | CI53: 198 | CJ53: 210
A54: Moosmann J. | B54: L | C54: 83 | BZ54: 0 | CA54: 0 | CB54: 0 | CC54: 0 | CD54: 0 | CE54: 0 | CF54: 0 | CG54: 83 | CH54: 0 | CI54: 83 | CJ54: 83
A55: Moosmann Kay | B55: L | C55: 5 | BZ55: 0 | CA55: 0 | CB55: 0 | CC55: 0 | CD55: 0 | CE55: 0 | CF55: 0 | CG55: 5 | CH55: 0 | CI55: 5 | CJ55: 5
A56: Moosmann M. | B56: M | C56: 355 | BZ56: 0 | CA56: 0 | CB56: 0 | CC56: 0 | CD56: 0 | CE56: 0 | CF56: 0 | CG56: 355 | CH56: 0 | CI56: 355 | CJ56: 355
A57: Müller Andre | B57: M | C57: 81 | BE57: 0 | BF57: 0 | BG57: 0 | BH57: 1 | BI57: 0 | BJ57: 0 | BK57: 1 | BL57: 0 | BM57: 0 | BN57: 0 | BP57: 0 | BQ57: 0 | BU57: 0 | BW57: 0 | BX57: 0 | BY57: 0 | BZ57: 0 | CA57: 16 | CB57: 16 | CC57: 0 | CD57: 2 | CE57: 2 | CF57: 0 | CG57: 81 | CH57: 16 | CI57: 83 | CJ57: 97
A58: Müller Felix | B58: L | C58: 70 | E58: 0 | F58: 0 | H58: 0 | J58: 0 | O58: 0 | P58: 0 | T58: 0 | Z58: 0 | AA58: 0 | AD58: 0 | AG58: 0 | AJ58: 0 | AK58: 0 | AL58: 0 | BA58: 0 | BB58: 0 | BD58: 0 | BE58: 0 | BF58: 0 | BG58: 0 | BH58: 0 | BI58: 0 | BJ58: 1 | BK58: 2 | BL58: 0 | BM58: 0 | BN58: 0 | BO58: 0 | BP58: 0 | BQ58: 1 | BR58: 0 | BS58: 2 | BT58: 1 | BU58: 0 | BV58: 0 | BW58: 0 | BZ58: 9 | CA58: 20 | CB58: 29 | CC58: 0 | CD58: 7 | CE58: 7 | CF58: 7 | CG58: 70 | CH58: 36 | CI58: 77 | CJ58: 106
A59: Müller Thorsten | B59: M | C59: 108 | E59: 0 | F59: 0 | H59: 0 | T59: 0 | Y59: 0 | Z59: 0 | AA59: 0 | AC59: 0 | AG59: 0 | AL59: 0 | AN59: 0 | AS59: 0 | BD59: 0 | BE59: 1 | BF59: 0 | BH59: 0 | BI59: 0 | BJ59: 0 | BK59: 1 | BM59: 0 | BN59: 0 | BO59: 0 | BP59: 0 | BQ59: 0 | BR59: 0 | BS59: 0 | BT59: 0 | BW59: 1 | BX59: 1 | BY59: 0 | BZ59: 8 | CA59: 18 | CB59: 26 | CC59: 0 | CD59: 4 | CE59: 4 | CF59: 4 | CG59: 108 | CH59: 30 | CI59: 112 | CJ59: 138
A60: Müller-Kohl, Ricardo | B60: M | C60: 8 | BZ60: 0 | CA60: 0 | CB60: 0 | CC60: 0 | CD60: 0 | CE60: 0 | CF60: 0 | CG60: 8 | CH60: 0 | CI60: 8 | CJ60: 8
A61: Murer Matthias | B61: L | C61: 265 | BZ61: 0 | CA61: 0 | CB61: 0 | CC61: 0 | CD61: 0 | CE61: 0 | CF61: 0 | CG61: 265 | CH61: 0 | CI61: 265 | CJ61: 265
A62: Neumaier Tizian | C62: 0 | BA62: 0 | BF62: 1 | BL62: 0 | BW62: 0 | BZ62: 1 | CA62: 3 | CB62: 4 | CC62: 0 | CD62: 1 | CE62: 1 | CF62: 0 | CG62: 0 | CH62: 4 | CI62: 1 | CJ62: 4
A63: Oehler Alex | B63: L | C63: 108 | BZ63: 0 | CA63: 0 | CB63: 0 | CC63: 0 | CD63: 0 | CE63: 0 | CF63: 0 | CG63: 108 | CH63: 0 | CI63: 108 | CJ63: 108
A64: Oehler Christoph | B64: L | C64: 106 | BZ64: 0 | CA64: 0 | CB64: 0 | CC64: 0 | CD64: 0 | CE64: 0 | CF64: 0 | CG64: 106 | CH64: 0 | CI64: 106 | CJ64: 106
A65: Palmer Lukas | C65: 0 | BK65: 0 | BL65: 0 | BP65: 0 | BU65: 0 | BW65: 0 | BX65: 0 | BY65: 0 | BZ65: 0 | CA65: 7 | CB65: 7 | CC65: 0 | CD65: 0 | CE65: 0 | CF65: 0 | CG65: 0 | CH65: 7 | CI65: 0 | CJ65: 7
A66: Pfundstein Andreas | B66: L | C66: 119 | BH66: 1 | BV66: 1 | BZ66: 0 | CA66: 2 | CB66: 2 | CC66: 0 | CD66: 2 | CE66: 2 | CF66: 0 | CG66: 119 | CH66: 2 | CI66: 121 | CJ66: 121
A67: Preuss Jeremias | B67: M | C67: 128 | E67: 0 | F67: 0 | H67: 0 | J67: 0 | O67: 1 | T67: 1 | AA67: 0 | AC67: 0 | AD67: 1 | AE67: 1 | AF67: 0 | AG67: 0 | AH67: 0 | AI67: 0 | AJ67: 0 | AK67: 0 | AM67: 0 | AN67: 0 | AO67: 0 | AP67: 1 | AR67: 0 | AT67: 0 | AU67: 0 | AV67: 3 | AW67: 1 | AX67: 0 | AY67: 0 | AZ67: 0 | BA67: 0 | BB67: 0 | BZ67: 24 | CA67: 0 | CB67: 24 | CC67: 7 | CD67: 0 | CE67: 7 | CF67: 6 | CG67: 130 | CH67: 30 | CI67: 137 | CJ67: 158
A68: Preuss Jonas | B68: M | C68: 262 | E68: 0 | F68: 0 | H68: 1 | Y68: 0 | BE68: 4 | BF68: 0 | BZ68: 1 | CA68: 2 | CB68: 3 | CC68: 0 | CD68: 4 | CE68: 4 | CF68: 3 | CG68: 263 | CH68: 6 | CI68: 267 | CJ68: 268
A69: Preuss Marius | B69: M | C69: 15 | BZ69: 0 | CA69: 0 | CB69: 0 | CC69: 0 | CD69: 0 | CE69: 0 | CF69: 0 | CG69: 15 | CH69: 0 | CI69: 15 | CJ69: 15
A70: Preuss Philip | B70: M | C70: 135 | BD70: 0 | BE70: 1 | BF70: 1 | BG70: 0 | BH70: 0 | BI70: 0 | BJ70: 0 | BK70: 1 | BL70: 0 | BM70: 0 | BN70: 0 | BO70: 0 | BP70: 0 | BR70: 0 | BS70: 1 | BT70: 0 | BU70: 0 | BV70: 0 | BW70: 0 | BX70: 1 | BY70: 0 | BZ70: 0 | CA70: 21 | CB70: 21 | CC70: 0 | CD70: 5 | CE70: 5 | CF70: 0 | CG70: 135 | CH70: 21 | CI70: 140 | CJ70: 156
A71: Reuter J. | B71: M | C71: 196 | E71: 0 | H71: 1 | O71: 0 | P71: 0 | AA71: 0 | AC71: 0 | AD71: 0 | AG71: 0 | AH71: 0 | AI71: 0 | AJ71: 0 | AK71: 1 | AL71: 0 | AM71: 0 | AN71: 0 | AP71: 0 | AR71: 0 | AS71: 0 | AT71: 0 | AU71: 0 | AV71: 0 | AW71: 0 | AY71: 0 | AZ71: 0 | BA71: 0 | BU71: 0 | BZ71: 21 | CA71: 1 | CB71: 22 | CC71: 1 | CD71: 0 | CE71: 1 | CF71: 4 | CG71: 197 | CH71: 26 | CI71: 198 | CJ71: 222
A72: Roeder | B72: M | C72: 86 | BZ72: 0 | CA72: 0 | CB72: 0 | CC72: 0 | CD72: 0 | CE72: 0 | CF72: 0 | CG72: 86 | CH72: 0 | CI72: 86 | CJ72: 86
A73: Ruoff Ulli | B73: L | C73: 351 | H73: 0 | J73: 0 | P73: 0 | V73: 0 | BI73: 0 | BK73: 0 | BL73: 0 | BS73: 0 | BU73: 0 | BV73: 0 | BX73: 0 | BY73: 0 | BZ73: 0 | CA73: 8 | CB73: 8 | CC73: 0 | CD73: 0 | CE73: 0 | CF73: 4 | CG73: 351 | CH73: 12 | CI73: 351 | CJ73: 363
A74: Schaumann David | B74: M | C74: 35 | E74: 0 | F74: 0 | H74: 0 | O74: 0 | AW74: 1 | BD74: 0 | BE74: 0 | BF74: 0 | BG74: 0 | BH74: 0 | BI74: 0 | BJ74: 0 | BK74: 0 | BL74: 0 | BO74: 0 | BP74: 0 | BR74: 0 | BS74: 0 | BT74: 0 | BW74: 1 | BZ74: 1 | CA74: 15 | CB74: 16 | CC74: 1 | CD74: 1 | CE74: 2 | CF74: 4 | CG74: 35 | CH74: 20 | CI74: 37 | CJ74: 55
A75: Schaumann Seb | B75: M | C75: 134 | E75: 0 | F75: 1 | H75: 0 | P75: 0 | Y75: 0 | Z75: 0 | AE75: 0 | AF75: 1 | AG75: 1 | AH75: 0 | AI75: 1 | AJ75: 0 | AL75: 2 | AM75: 1 | AN75: 0 | AO75: 0 | AP75: 1 | AR75: 0 | AS75: 0 | AT75: 0 | AU75: 0 | AY75: 0 | BV75: 0 | BW75: 0 | BZ75: 18 | CA75: 2 | CB75: 20 | CC75: 7 | CD75: 0 | CE75: 7 | CF75: 4 | CG75: 135 | CH75: 24 | CI75: 142 | CJ75: 158
A76: Schmid Marc | C76: 0 | BN76: 0 | BZ76: 0 | CA76: 1 | CB76: 1 | CC76: 0 | CD76: 0 | CE76: 0 | CF76: 0 | CG76: 0 | CH76: 1 | CI76: 0 | CJ76: 1
A77: Schwenk Kevin | B77: L | C77: 164 | BZ77: 0 | CA77: 0 | CB77: 0 | CC77: 0 | CD77: 0 | CE77: 0 | CF77: 0 | CG77: 164 | CH77: 0 | CI77: 164 | CJ77: 164
A78: Seidel Jan | C78: 25 | BO78: 0 | BR78: 0 | BS78: 1 | BT78: 0 | BZ78: 0 | CA78: 4 | CB78: 4 | CC78: 0 | CD78: 1 | CE78: 1 | CF78: 0 | CG78: 25 | CH78: 4 | CI78: 26 | CJ78: 29
A79: Sekinger Fabian | B79: L | C79: 72 | J79: 0 | P79: 0 | V79: 0 | BD79: 0 | BE79: 0 | BF79: 0 | BG79: 0 | BH79: 0 | BI79: 0 | BJ79: 0 | BM79: 0 | BO79: 0 | BQ79: 0 | BR79: 0 | BZ79: 0 | CA79: 11 | CB79: 11 | CC79: 0 | CD79: 0 | CE79: 0 | CF79: 3 | CG79: 72 | CH79: 14 | CI79: 72 | CJ79: 86
A80: Staiger Elmar | B80: L | C80: 205 | BZ80: 0 | CA80: 0 | CB80: 0 | CC80: 0 | CD80: 0 | CE80: 0 | CF80: 0 | CG80: 205 | CH80: 0 | CI80: 205 | CJ80: 205
A81: Staiger Tobias | B81: L | C81: 292 | F81: 1 | H81: 1 | J81: 0 | O81: 1 | T81: 0 | Y81: 0 | Z81: 2 | AA81: 0 | AC81: 2 | AD81: 1 | AE81: 1 | AF81: 1 | AG81: 0 | AH81: 1 | AI81: 0 | AJ81: 2 | AK81: 0 | AL81: 0 | AM81: 1 | AN81: 0 | AO81: 1 | AP81: 0 | AR81: 0 | AS81: 0 | AT81: 0 | AU81: 2 | AV81: 0 | AW81: 1 | AX81: 0 | AY81: 1 | AZ81: 0 | BA81: 0 | BB81: 0 | BZ81: 28 | CA81: 0 | CB81: 28 | CC81: 16 | CD81: 0 | CE81: 16 | CF81: 5 | CG81: 295 | CH81: 33 | CI81: 311 | CJ81: 325
A82: Stein Matthias | B82: L | C82: 130 | BZ82: 0 | CA82: 0 | CB82: 0 | CC82: 0 | CD82: 0 | CE82: 0 | CF82: 0 | CG82: 130 | CH82: 0 | CI82: 130 | CJ82: 130
A83: Stern Alexander | B83: M | C83: 160 | BZ83: 0 | CA83: 0 | CB83: 0 | CC83: 0 | CD83: 0 | CE83: 0 | CF83: 0 | CG83: 160 | CH83: 0 | CI83: 160 | CJ83: 160
A84: Storz Tobi | B84: M | C84: 107 | BZ84: 0 | CA84: 0 | CB84: 0 | CC84: 0 | CD84: 0 | CE84: 0 | CF84: 0 | CG84: 107 | CH84: 0 | CI84: 107 | CJ84: 107
A85: Thies Yannick | C85: 11 | E85: 0 | J85: 0 | P85: 0 | V85: 0 | AS85: 0 | AZ85: 0 | BA85: 0 | BD85: 1 | BG85: 0 | BH85: 1 | BI85: 0 | BJ85: 0 | BL85: 0 | BM85: 0 | BN85: 0 | BO85: 0 | BP85: 1 | BQ85: 2 | BS85: 2 | BT85: 0 | BU85: 1 | BV85: 0 | BW85: 1 | BX85: 1 | BY85: 0 | BZ85: 3 | CA85: 18 | CB85: 21 | CC85: 0 | CD85: 10 | CE85: 10 | CF85: 4 | CG85: 11 | CH85: 25 | CI85: 21 | CJ85: 36
A86: Tramnitz Christoph | B86: L | C86: 134 | J86: 0 | P86: 0 | V86: 0 | AJ86: 0 | AK86: 0 | AL86: 0 | AM86: 0 | AN86: 0 | AO86: 0 | AP86: 0 | AR86: 0 | AS86: 0 | AU86: 0 | AV86: 0 | AW86: 0 | AX86: 0 | AY86: 0 | AZ86: 0 | BA86: 0 | BD86: 0 | BE86: 2 | BF86: 0 | BG86: 0 | BH86: 0 | BI86: 1 | BM86: 0 | BR86: 0 | BZ86: 16 | CA86: 8 | CB86: 24 | CC86: 0 | CD86: 3 | CE86: 3 | CF86: 3 | CG86: 134 | CH86: 27 | CI86: 137 | CJ86: 161
A87: Tramnitz Lukas | B87: L | C87: 57 | E87: 0 | F87: 1 | H87: 0 | J87: 0 | P87: 0 | T87: 1 | AA87: 0 | AC87: 0 | AD87: 0 | AE87: 0 | AF87: 0 | AH87: 0 | AI87: 0 | AJ87: 0 | AK87: 0 | AM87: 0 | AN87: 0 | AP87: 1 | AS87: 1 | AT87: 0 | AU87: 0 | AV87: 1 | AW87: 0 | BU87: 0 | BZ87: 17 | CA87: 1 | CB87: 18 | CC87: 3 | CD87: 0 | CE87: 3 | CF87: 6 | CG87: 59 | CH87: 24 | CI87: 62 | CJ87: 81
A88: Trenkle Jan | B88: M | C88: 66 | Y88: 0 | Z88: 0 | BE88: 1 | BG88: 1 | BJ88: 0 | BT88: 0 | BV88: 0 | BX88: 0 | BZ88: 2 | CA88: 6 | CB88: 8 | CC88: 0 | CD88: 2 | CE88: 2 | CF88: 0 | CG88: 66 | CH88: 8 | CI88: 68 | CJ88: 74
A89: Verino Roberto | B89: M | C89: 117 | E89: 0 | F89: 0 | H89: 0 | O89: 0 | T89: 0 | Y89: 0 | Z89: 0 | AA89: 0 | AC89: 0 | AD89: 0 | AE89: 0 | AF89: 0 | AG89: 0 | AH89: 0 | AI89: 0 | AJ89: 0 | AK89: 0 | AL89: 0 | AM89: 0 | AO89: 0 | AP89: 0 | AT89: 0 | AU89: 0 | AV89: 0 | AW89: 0 | AX89: 0 | AY89: 1 | AZ89: 0 | BA89: 0 | BB89: 0 | BZ89: 25 | CA89: 0 | CB89: 25 | CC89: 1 | CD89: 0 | CE89: 1 | CF89: 5 | CG89: 117 | CH89: 30 | CI89: 118 | CJ89: 147
A90: Wernz, Tobias | C90: fehlt | BY90: 0 | BZ90: 0 | CA90: 1 | CB90: 1 | CC90: 0 | CD90: 0 | CE90: 0 | CF90: 0 | CG90: 0 | CH90: 1 | CI90: 0 | CJ90: #VALUE!
A91: Zehnder Matze | B91: M | C91: 82 | BZ91: 0 | CA91: 0 | CB91: 0 | CC91: 0 | CD91: 0 | CE91: 0 | CF91: 0 | CG91: 82 | CH91: 0 | CI91: 82 | CJ91: 82
A93: Anzahl Spieler | D93: 0 | E93: 19 | F93: 17 | G93: 0 | H93: 16 | N93: 0 | O93: 15 | Q93: 0 | R93: 0 | S93: 0 | T93: 14 | U93: 0 | W93: 0 | Y93: 14 | Z93: 14 | AA93: 13 | AB93: 0 | AC93: 15 | AD93: 14 | AE93: 14 | AF93: 14 | AG93: 13 | AH93: 13 | AI93: 14 | AJ93: 14 | AK93: 14 | AL93: 15 | AM93: 14 | AN93: 13 | AO93: 14 | AP93: 13 | AQ93: 0 | AR93: 13 | AS93: 14 | AT93: 13 | AU93: 15 | AV93: 14 | AW93: 15 | AX93: 12 | AY93: 13 | AZ93: 15 | BA93: 14 | BB93: 13 | BC93: 0 | BD93: 14 | BE93: 15 | BF93: 14 | BG93: 14 | BH93: 15 | BI93: 15 | BJ93: 15 | BK93: 12 | BL93: 14 | BM93: 15 | BN93: 13 | BO93: 14 | BP93: 15 | BQ93: 15 | BR93: 14 | BS93: 15 | BT93: 14 | BU93: 15 | BV93: 13 | BY93: 12
A94: Anzahl Tore | D94: 0 | E94: 0 | F94: 4 | G94: 3 | H94: 0 | N94: 3 | O94: 0 | Q94: 0 | R94: 0 | S94: 0 | T94: 3 | U94: 0 | W94: 0 | Y94: 0 | Z94: 2 | AA94: 0 | AB94: 0 | AC94: 3 | AD94: 2 | AE94: 2 | AF94: 3 | AG94: 1 | AH94: 2 | AI94: 1 | AJ94: 2 | AK94: 3 | AL94: 3 | AM94: 2 | AN94: 1 | AO94: 1 | AP94: 3 | AQ94: 0 | AR94: 1 | AS94: 1 | AT94: 0 | AU94: 2 | AV94: 4 | AW94: 5 | AX94: 0 | AY94: 3 | BC94: 0 | BD94: 7 | BE94: 9 | BF94: 2 | BG94: 2 | BH94: 6 | BI94: 3 | BJ94: 3 | BK94: 8 | BL94: 0 | BM94: 1 | BN94: 0 | BO94: 1 | BP94: 1 | BQ94: 6 | BR94: 1 | BS94: 6 | BT94: 1 | BU94: 2 | BV94: 6 | BY94: 0 | CC94: 47 | CD94: 75 | CE94: 118 | CG94: 11260 | CI94: 11378

Sheet 21-22
E1: Saison 21/22
D2: Punktspiel | E2: Pokalspiele | F2: Freundschaftsspiele | G2: Spiele gesamt
A3: Auber, Manuel | C3: 42 | D3: 7 | E3: 1 | F3: 2 | G3: =C3+D3+E3+F3
A4: Aubel, Daniel | C4: 0 | D4: 20 | E4: 1 | F4: 4 | G4: =C4+D4+E4+F4
A5: Auber, David | C5: 0 | D5: 14 | E5: 1 | F5: 2 | G5: =C5+D5+E5+F5
A6: Bea, Marc | C6: 17 | D6: 14 | E6: 1 | F6: 3 | G6: =C6+D6+E6+F6
A7: Benner, Florian | B7: M | C7: 113 | D7: 18 | E7: 3 | F7: 4 | G7: =C7+D7+E7+F7
A8: Binnig Andre | B8: L | C8: 208 | D8: 19 | E8: 1 | F8: 6 | G8: =C8+D8+E8+F8
A9: Bosch M. | B9: L | C9: 515 | D9: 13 | F9: 2 | G9: =C9+D9+E9+F9
A10: Broghammer Marcel | C10: 18 | D10: 28 | E10: 2 | F10: 8 | G10: =C10+D10+E10+F10
A11: Dold Markus | B11: M | C11: 225 | D11: 24 | E11: 3 | F11: 8 | G11: =C11+D11+E11+F11
A12: Ebert M. | B12: M | C12: 354 | D12: 19 | E12: 2 | F12: 8 | G12: =C12+D12+E12+F12
A13: Flaig Elias | C13: 92 | D13: 1 | E13: 1 | F13: 3 | G13: =C13+D13+E13+F13
A14: Flaig Tim | C14: 0 | D14: 28 | E14: 3 | F14: 7 | G14: =C14+D14+E14+F14
A15: Fleig Maximilian | C15: 81 | D15: 20 | E15: 1 | F15: 10 | G15: =C15+D15+E15+F15
A16: Günter Ralf | B16: L | C16: 257 | D16: 24 | E16: 1 | F16: 1 | G16: =C16+D16+E16+F16
A17: Haberstroh Raphael | B17: M | C17: 289 | D17: 13 | E17: 1 | F17: 5 | G17: =C17+D17+E17+F17
A18: Hauser Marcel | B18: L | C18: 108 | D18: 14 | E18: 1 | F18: 10 | G18: =C18+D18+E18+F18
A19: Hornberger Christian | C19: 66 | D19: 24 | E19: 3 | F19: 9 | G19: =C19+D19+E19+F19
A20: Jawadi, Ahmad | C20: 34 | E20: 2 | F20: 3 | G20: =C20+D20+E20+F20
A21: Jauch Joachim | C21: 366 | D21: 2 | E21: 1 | G21: =C21+D21+E21+F21
A22: Katzer Florian | C22: 0 | D22: 13 | E22: 1 | F22: 3 | G22: =C22+D22+E22+F22
A23: Kimmich Simeon | C23: 78 | D23: 8 | E23: 1 | F23: 4 | G23: =C23+D23+E23+F23
A24: Kuner Andreas | C24: 62 | D24: 17 | E24: 3 | F24: 3 | G24: =C24+D24+E24+F24
A25: Kobel Michael | C25: 13 | D25: 8 | F25: 1 | G25: =C25+D25+E25+F25
A26: Klein Daniel | B26: M | C26: 330 | D26: 27 | E26: 2 | F26: 9 | G26: =C26+D26+E26+F26
A27: Klukas Paskal | C27: 0 | D27: 16 | F27: 3 | G27: =C27+D27+E27+F27
A28: Letzel Marvin | C28: 63 | D28: 3 | G28: =C28+D28+E28+F28
A29: Linder Andreas | B29: L | C29: 129 | D29: 4 | F29: 2 | G29: =C29+D29+E29+F29
A30: Lobert Marius | C30: 67 | D30: 9 | E30: 1 | F30: 5 | G30: =C30+D30+E30+F30
A31: Löffler Marius | B31: L | C31: 265 | D31: 20 | E31: 2 | F31: 9 | G31: =C31+D31+E31+F31
A32: Marte Marvin | B32: M | C32: 231 | D32: 17 | E32: 2 | F32: 9 | G32: =C32+D32+E32+F32
A33: Müller Andre | B33: M | C33: 101 | D33: 6 | E33: 1 | F33: 3 | G33: =C33+D33+E33+F33
A34: Müller Felix | B34: L | C34: 174 | D34: 5 | E34: 1 | F34: 8 | G34: =C34+D34+E34+F34
A35: Müller Thorsten | B35: M | C35: 198 | D35: 17 | E35: 2 | F35: 10 | G35: =C35+D35+E35+F35
A36: Müller Moritz | C36: 49 | D36: 25 | E36: 2 | F36: 8 | G36: =C36+D36+E36+F36
A37: Neumaier Tizian | C37: 42 | D37: 10 | E37: 1 | G37: =C37+D37+E37+F37
A38: Palmer Lukas | C38: 58 | D38: 15 | E38: 1 | F38: 3 | G38: =C38+D38+E38+F38
A39: Pfundstein Andreas | B39: L | C39: 121 | D39: 2 | G39: =C39+D39+E39+F39
A40: Preuss Jeremias | B40: M | C40: 225 | F40: 1 | G40: =C40+D40+E40+F40
A41: Preuss, Jonas | C41: 300 | D41: 27 | E41: 3 | F41: 9 | G41: =C41+D41+E41+F41
A42: Reuter J. | B42: M | C42: 243 | D42: 9 | G42: =C42+D42+E42+F42
A43: Ruoff Ulli | B43: L | C43: 380 | D43: 1 | G43: =C43+D43+E43+F43
A44: Schaumann Daniel | C44: 63 | D44: 22 | E44: 2 | F44: 8 | G44: =C44+D44+E44+F44
A45: Schaumann David | B45: M | C45: 97 | D45: 26 | E45: 2 | F45: 4 | G45: =C45+D45+E45+F45
A46: Schaumann Seb | B46: M | C46: 204 | D46: 27 | E46: 3 | F46: 5 | G46: =C46+D46+E46+F46
A47: Scheck Lucas | C47: 25 | D47: 11 | F47: 6 | G47: =C47+D47+E47+F47
A48: Seidel Jan | C48: 45 | D48: 2 | F48: 2 | G48: =C48+D48+E48+F48
A49: Staiger Tobias | B49: L | C49: 397 | D49: 24 | E49: 2 | F49: 7 | G49: =C49+D49+E49+F49
A50: Stern Alexander | B50: M | C50: 198 | D50: 8 | G50: =C50+D50+E50+F50
A51: Thies Yannick | C51: 85 | D51: 15 | F51: 5 | G51: =C51+D51+E51+F51
A52: Tramnitz Christoph | B52: L | C52: 204 | D52: 14 | F52: 2 | G52: =C52+D52+E52+F52
A53: Tramnitz Lukas | B53: L | C53: 113 | D53: 7 | E53: 1 | F53: 3 | G53: =C53+D53+E53+F53
A54: Verino Roberto | B54: M | C54: 216 | D54: 21 | F54: 6 | G54: =C54+D54+E54+F54
A56: Anzahl Spieler | D56: =COUNT(D6:D54) | E56: =COUNT(E6:E54) | F56: =COUNT(F6:F54)
A57: Anzahl Tore | D57: =SUM(D6:D52) | E57: =SUM(E6:E52) | F57: =SUM(F6:F52)

Sheet 22-23
E1: Saison 22/23
D2: Punktspiel | E2: Pokalspiele | F2: Freundschaftsspiele | G2: Spiele gesamt
A3: Auber, Manuel | C3: ='21-22'!G3 | D3: 23 | E3: 0 | F3: 3 | G3: =C3+D3+E3+F3
A4: Auber, Daniel | C4: ='21-22'!G4 | D4: 18 | E4: 2 | F4: 7 | G4: =C4+D4+E4+F4
A5: Auber, David | C5: ='21-22'!G5 | D5: 20 | E5: 2 | F5: 2 | G5: =C5+D5+E5+F5
A6: Bea, Marc | C6: ='21-22'!G6 | D6: 20 | E6: 1 | F6: 3 | G6: =C6+D6+E6+F6
A7: Benner, Florian | B7: M | C7: ='21-22'!G7 | D7: 1 | E7: 0 | F7: 1 | G7: =C7+D7+E7+F7
A8: Binnig Andre | B8: L | C8: ='21-22'!G8 | D8: 5 | E8: 0 | F8: 3 | G8: =C8+D8+E8+F8
A9: Bosch M. | B9: L | C9: ='21-22'!G9 | D9: 15 | E9: 1 | F9: 8 | G9: =C9+D9+E9+F9
A10: Broghammer Marcel | C10: ='21-22'!G10 | D10: 22 | E10: 1 | F10: 6 | G10: =C10+D10+E10+F10
A11: Dold Markus | B11: M | C11: ='21-22'!G11 | D11: 21 | E11: 1 | F11: 9 | G11: =C11+D11+E11+F11
A12: Ebert M. | B12: M | C12: ='21-22'!G12 | D12: 6 | E12: 0 | F12: 0 | G12: =C12+D12+E12+F12
A13: Flaig Elias | C13: ='21-22'!G13 | D13: 20 | E13: 0 | F13: 4 | G13: =C13+D13+E13+F13
A14: Flaig Luis | C14: 0 | D14: 13 | E14: 1 | F14: 1 | G14: =C14+D14+E14+F14
A15: Flaig Tim | C15: ='21-22'!G14 | D15: 28 | E15: 0 | F15: 9 | G15: =C15+D15+E15+F15
A16: Fleig Maximilian | C16: ='21-22'!G15 | D16: 14 | E16: 1 | F16: 6 | G16: =C16+D16+E16+F16
A17: Günter Ralf | B17: L | C17: ='21-22'!G16 | D17: 11 | E17: 2 | F17: 7 | G17: =C17+D17+E17+F17
A18: Haberstroh Raphael | B18: M | C18: ='21-22'!G17 | D18: 21 | E18: 0 | F18: 6 | G18: =C18+D18+E18+F18
A19: Hauser Marcel | B19: L | C19: ='21-22'!G18 | D19: 24 | E19: 1 | F19: 5 | G19: =C19+D19+E19+F19
A20: Hornberger Christian | C20: ='21-22'!G19 | D20: 24 | E20: 1 | F20: 8 | G20: =C20+D20+E20+F20
A21: Jawadi, Ahmad | C21: ='21-22'!G20 | D21: 5 | E21: 0 | F21: 0 | G21: =C21+D21+E21+F21
A22: Jauch Joachim | C22: ='21-22'!G21 | D22: 1 | E22: 0 | F22: 0 | G22: =C22+D22+E22+F22
A23: Katzer Florian | C23: ='21-22'!G22 | D23: 19 | E23: 0 | F23: 1 | G23: =C23+D23+E23+F23
A24: Kimmich Simeon | C24: ='21-22'!G23 | D24: 17 | E24: 1 | F24: 3 | G24: =C24+D24+E24+F24
A25: Kuner Andreas | C25: ='21-22'!G24 | D25: 27 | E25: 1 | F25: 6 | G25: =C25+D25+E25+F25
A26: Kobel Michael | C26: ='21-22'!G25 | D26: 21 | E26: 1 | F26: 7 | G26: =C26+D26+E26+F26
A27: Klein Daniel | B27: M | C27: ='21-22'!G26 | D27: 26 | E27: 0 | F27: 8 | G27: =C27+D27+E27+F27
A28: Klukas Pascal | C28: ='21-22'!G27 | D28: 21 | E28: 1 | F28: 5 | G28: =C28+D28+E28+F28
A29: Letzel Marvin | C29: ='21-22'!G28 | D29: 0 | E29: 0 | F29: 0 | G29: =C29+D29+E29+F29
A30: Linder Andreas | B30: L | C30: ='21-22'!G29 | D30: 2 | E30: 0 | F30: 0 | G30: =C30+D30+E30+F30
A31: Lobert Marius | C31: ='21-22'!G30 | D31: 25 | E31: 1 | F31: 5 | G31: =C31+D31+E31+F31
A32: Löffler Marius | B32: L | C32: ='21-22'!G31 | D32: 19 | E32: 1 | F32: 8 | G32: =C32+D32+E32+F32
A33: Marte Marvin | B33: M | C33: ='21-22'!G32 | D33: 0 | E33: 0 | F33: 5 | G33: =C33+D33+E33+F33
A34: Müller Andre | B34: M | C34: ='21-22'!G33 | D34: 4 | E34: 0 | F34: 0 | G34: =C34+D34+E34+F34
A35: Müller Felix | B35: L | C35: ='21-22'!G34 | D35: 1 | E35: 0 | F35: 0 | G35: =C35+D35+E35+F35
A36: Müller Thorsten | B36: M | C36: ='21-22'!G35 | D36: 4 | E36: 0 | F36: 0 | G36: =C36+D36+E36+F36
A37: Müller Moritz | C37: ='21-22'!G36 | D37: 20 | E37: 2 | F37: 1 | G37: =C37+D37+E37+F37
A38: Neumaier Tizian | C38: ='21-22'!G37 | D38: 3 | E38: 0 | F38: 0 | G38: =C38+D38+E38+F38
A39: Palmer Lukas | C39: ='21-22'!G38 | D39: 11 | E39: 1 | F39: 1 | G39: =C39+D39+E39+F39
A40: Palmer Micha | C40: 0 | D40: 16 | E40: 1 | F40: 3 | G40: =C40+D40+E40+F40
A41: Pfundstein Andreas | B41: L | C41: ='21-22'!G39 | D41: 0 | E41: 0 | F41: 0 | G41: =C41+D41+E41+F41
A42: Preuss Jeremias | B42: M | C42: ='21-22'!G40 | D42: 0 | E42: 0 | F42: 0 | G42: =C42+D42+E42+F42
A43: Preuss, Jonas | C43: ='21-22'!G41 | D43: 21 | E43: 0 | F43: 8 | G43: =C43+D43+E43+F43
A44: Reuter J. | B44: M | C44: ='21-22'!G42 | D44: 18 | E44: 1 | F44: 2 | G44: =C44+D44+E44+F44
A45: Ruoff Ulli | B45: L | C45: ='21-22'!G43 | D45: 2 | E45: 0 | F45: 0 | G45: =C45+D45+E45+F45
A46: Schaumann Daniel | C46: ='21-22'!G44 | D46: 26 | E46: 0 | F46: 7 | G46: =C46+D46+E46+F46
A47: Schaumann David | B47: M | C47: ='21-22'!G45 | D47: 23 | E47: 1 | F47: 3 | G47: =C47+D47+E47+F47
A48: Schaumann Seb | B48: M | C48: ='21-22'!G46 | D48: 26 | E48: 0 | F48: 6 | G48: =C48+D48+E48+F48
A49: Scheck Lucas | C49: ='21-22'!G47 | D49: 22 | E49: 1 | F49: 1 | G49: =C49+D49+E49+F49
A50: Seidel Jan | C50: ='21-22'!G48 | D50: 0 | E50: 0 | F50: 0 | G50: =C50+D50+E50+F50
A51: Staiger Tobias | B51: L | C51: ='21-22'!G49 | D51: 24 | E51: 0 | F51: 11 | G51: =C51+D51+E51+F51
A52: Stern Alexander | B52: M | C52: ='21-22'!G50 | D52: 8 | E52: 1 | F52: 2 | G52: =C52+D52+E52+F52
A53: Strack Julian | C53: 0 | D53: 15 | E53: 0 | F53: 6 | G53: =C53+D53+E53+F53
A54: Thies Yannick | C54: ='21-22'!G51 | D54: 24 | E54: 1 | F54: 10 | G54: =C54+D54+E54+F54
A55: Tramnitz Christoph | B55: L | C55: ='21-22'!G52 | D55: 23 | E55: 2 | F55: 4 | G55: =C55+D55+E55+F55
A56: Tramnitz Lukas | B56: L | C56: ='21-22'!G53 | D56: 22 | E56: 0 | F56: 9 | G56: =C56+D56+E56+F56
A57: Verino Roberto | B57: M | C57: ='21-22'!G54 | D57: 24 | E57: 0 | F57: 7 | G57: =C57+D57+E57+F57
A60: Anzahl Spieler | D60: =COUNT(D6:D57) | E60: =COUNT(E6:E57) | F60: =COUNT(F6:F57)
A61: Anzahl Tore | D61: =SUM(D6:D55) | E61: =SUM(E6:E55) | F61: =SUM(F6:F55)

Sheet 23-24
A1: Stand: 03.06.2024 | E1: Saison 23/24
D2: Punktspiel | E2: Pokalspiele | F2: Freundschaftsspiele | G2: Spiele gesamt
A3: Auber, Manuel | C3: ='22-23'!G3 | D3: 21 | E3: 1 | F3: 3 | G3: =C3+D3+E3+F3
A4: Auber, Daniel | C4: ='22-23'!G4 | D4: 29 | E4: 2 | F4: 10 | G4: =C4+D4+E4+F4
A5: Auber, David | C5: ='22-23'!G5 | D5: 26 | E5: 0 | F5: 8 | G5: =C5+D5+E5+F5
A6: Bea, Marc | C6: ='22-23'!G6 | D6: 22 | E6: 1 | F6: 4 | G6: =C6+D6+E6+F6
A7: Benner, Florian | B7: M | C7: ='22-23'!G7 | D7: 10 | E7: 1 | F7: 2 | G7: =C7+D7+E7+F7
A8: Binnig Andre | B8: L | C8: ='22-23'!G8 | D8: 18 | E8: 1 | F8: 3 | G8: =C8+D8+E8+F8
A9: Bosch M. | B9: L | C9: ='22-23'!G9 | D9: 0 | E9: 0 | F9: 0 | G9: =C9+D9+E9+F9
A10: Broghammer Marcel | C10: ='22-23'!G10 | D10: 25 | E10: 1 | F10: 7 | G10: =C10+D10+E10+F10
A11: Dold Markus | B11: M | C11: ='22-23'!G11 | D11: 28 | E11: 1 | F11: 4 | G11: =C11+D11+E11+F11
A12: Ebert M. | B12: M | C12: ='22-23'!G12 | D12: 0 | E12: 0 | F12: 0 | G12: =C12+D12+E12+F12
A13: Flaig Elias | C13: ='22-23'!G13 | D13: 25 | E13: 2 | F13: 6 | G13: =C13+D13+E13+F13
A14: Flaig Luis | C14: ='22-23'!G14 | D14: 27 | E14: 1 | F14: 8 | G14: =C14+D14+E14+F14
A15: Flaig Tim | C15: ='22-23'!G15 | D15: 30 | E15: 1 | F15: 5 | G15: =C15+D15+E15+F15
A16: Fleig Maximilian | C16: ='22-23'!G16 | D16: 23 | E16: 1 | F16: 5 | G16: =C16+D16+E16+F16
A17: Günter Ralf | B17: L | C17: ='22-23'!G17 | D17: 25 | E17: 0 | F17: 4 | G17: =C17+D17+E17+F17
A18: Haberstroh Raphael | B18: M | C18: ='22-23'!G18 | D18: 11 | E18: 0 | F18: 1 | G18: =C18+D18+E18+F18
A19: Hauser Marcel | B19: L | C19: ='22-23'!G19 | D19: 18 | E19: 0 | F19: 5 | G19: =C19+D19+E19+F19
A20: Hornberger Christian | C20: ='22-23'!G20 | D20: 30 | E20: 1 | F20: 7 | G20: =C20+D20+E20+F20
A21: Jawadi, Ahmad | C21: ='22-23'!G21 | D21: 0 | E21: 0 | F21: 1 | G21: =C21+D21+E21+F21
A22: Jauch Joachim | C22: ='22-23'!G22 | D22: 0 | E22: 0 | F22: 0 | G22: =C22+D22+E22+F22
A23: Katzer Florian | C23: ='22-23'!G23 | D23: 1 | E23: 0 | F23: 3 | G23: =C23+D23+E23+F23
A24: Keller Fabian | D24: 2
A25: Kimmich Simeon | C25: ='22-23'!G24 | D25: 28 | E25: 1 | F25: 5 | G25: =C25+D25+E25+F25
A26: Kuner Andreas | C26: ='22-23'!G25 | D26: 23 | E26: 1 | F26: 3 | G26: =C26+D26+E26+F26
A27: Kunz Holger | C27: 0 | D27: 27 | E27: 1 | F27: 3 | G27: =C27+D27+E27+F27
A28: Kobel Michael | C28: ='22-23'!G26 | D28: 17 | E28: 0 | F28: 2 | G28: =C28+D28+E28+F28
A29: Klein Daniel | B29: M | C29: ='22-23'!G27 | D29: 9 | E29: 0 | F29: 2 | G29: =C29+D29+E29+F29
A30: Klukas Pascal | C30: ='22-23'!G28 | D30: 29 | E30: 1 | F30: 3 | G30: =C30+D30+E30+F30
A31: Letzel Marvin | C31: ='22-23'!G29 | D31: 0 | E31: 0 | F31: 0 | G31: =C31+D31+E31+F31
A32: Linder Andreas | B32: L | C32: ='22-23'!G30 | D32: 12 | E32: 1 | F32: 3 | G32: =C32+D32+E32+F32
A33: Lobert Marius | C33: ='22-23'!G31 | D33: 25 | E33: 2 | F33: 3 | G33: =C33+D33+E33+F33
A34: Löffler Marius | B34: L | C34: ='22-23'!G32 | D34: 15 | E34: 1 | F34: 1 | G34: =C34+D34+E34+F34
A35: Marte Marvin | B35: M | C35: ='22-23'!G33 | D35: 0 | E35: 0 | F35: 0 | G35: =C35+D35+E35+F35
A36: Müller Andre | B36: M | C36: ='22-23'!G34 | D36: 6 | E36: 1 | F36: 2 | G36: =C36+D36+E36+F36
A37: Müller Felix | B37: L | C37: ='22-23'!G35 | D37: 21 | E37: 1 | F37: 5 | G37: =C37+D37+E37+F37
A38: Müller Thorsten | B38: M | C38: ='22-23'!G36 | D38: 5 | E38: 0 | F38: 0 | G38: =C38+D38+E38+F38
A39: Müller Moritz | C39: ='22-23'!G37 | D39: 11 | E39: 0 | F39: 3 | G39: =C39+D39+E39+F39
A40: Neumaier Tizian | C40: ='22-23'!G38 | D40: 0 | E40: 0 | F40: 0 | G40: =C40+D40+E40+F40
A41: Palmer Lukas | C41: ='22-23'!G39 | D41: 0 | E41: 0 | F41: 0 | G41: =C41+D41+E41+F41
A42: Palmer Micha | C42: ='22-23'!G40 | D42: 21 | E42: 0 | F42: 3 | G42: =C42+D42+E42+F42
A43: Pfundstein Andreas | B43: L | C43: ='22-23'!G41 | D43: 8 | E43: 1 | F43: 1 | G43: =C43+D43+E43+F43
A44: Preuss Jeremias | B44: M | C44: ='22-23'!G42 | D44: 0 | E44: 0 | F44: 0 | G44: =C44+D44+E44+F44
A45: Preuss, Jonas | C45: ='22-23'!G43 | D45: 27 | E45: 1 | F45: 3 | G45: =C45+D45+E45+F45
A46: Reuter J. | B46: M | C46: ='22-23'!G44 | D46: 6 | E46: 0 | F46: 2 | G46: =C46+D46+E46+F46
A47: Ruoff Ulli | B47: L | C47: ='22-23'!G45 | D47: 0 | E47: 0 | F47: 0 | G47: =C47+D47+E47+F47
A48: Schaumann Daniel | C48: ='22-23'!G46 | D48: 28 | E48: 0 | F48: 5 | G48: =C48+D48+E48+F48
A49: Schaumann David | B49: M | C49: ='22-23'!G47 | D49: 26 | E49: 1 | F49: 4 | G49: =C49+D49+E49+F49
A50: Schaumann Seb | B50: M | C50: ='22-23'!G48 | D50: 28 | E50: 1 | F50: 7 | G50: =C50+D50+E50+F50
A51: Scheck Lucas | C51: ='22-23'!G49 | D51: 13 | E51: 1 | F51: 4 | G51: =C51+D51+E51+F51
A52: Seidel Jan | C52: ='22-23'!G50 | D52: 0 | E52: 0 | F52: 0 | G52: =C52+D52+E52+F52
A53: Staiger Tobias | B53: L | C53: ='22-23'!G51 | D53: 25 | E53: 1 | F53: 9 | G53: =C53+D53+E53+F53
A54: Stern Alexander | B54: M | C54: ='22-23'!G52 | D54: 4 | E54: 0 | F54: 0 | G54: =C54+D54+E54+F54
A55: Strack Julian | C55: ='22-23'!G53 | D55: 0 | E55: 0 | F55: 0 | G55: =C55+D55+E55+F55
A56: Thies Yannick | C56: ='22-23'!G54 | D56: 0 | E56: 0 | F56: 0 | G56: =C56+D56+E56+F56
A57: Timbota Daniel | C57: 0 | D57: 28 | E57: 1 | F57: 4 | G57: =C57+D57+E57+F57
A58: Tramnitz Christoph | B58: L | C58: ='22-23'!G55 | D58: 11 | E58: 1 | F58: 2 | G58: =C58+D58+E58+F58
A59: Tramnitz Lukas | B59: L | C59: ='22-23'!G56 | D59: 0 | E59: 0 | F59: 2 | G59: =C59+D59+E59+F59
A60: Verino Roberto | B60: M | C60: ='22-23'!G57 | D60: 19 | E60: 0 | F60: 8 | G60: =C60+D60+E60+F60
A63: Anzahl Spieler | D63: =COUNT(D6:D60) | E63: =COUNT(E6:E60) | F63: =COUNT(F6:F60)
A64: Anzahl Tore | D64: =SUM(D6:D58) | E64: =SUM(E6:E58) | F64: =SUM(F6:F58)

Sheet 24-25
B1: Saison 2024/25
B3: Spielerliste | I3: Ehrung: | J3: 150 | K3: 200 | L3: 250 | M3: 300 | N3: 350 | O3: 400 | P3: 450 | Q3: 500 | R3: 550
B4: Stand 31.05.2025 | I4: Anzahl: | J4: =COUNTIF($I$8:$I$58,"150") | K4: =COUNTIF($I$8:$I$58,"200") | L4: =COUNTIF($I$8:$I$58,"250") | M4: =COUNTIF($I$8:$I$58,"300") | N4: =COUNTIF($I$8:$I$58,"350") | O4: =COUNTIF($I$8:$I$58,"400") | P4: =COUNTIF($I$8:$I$58,"450") | Q4: =COUNTIF($I$8:$I$58,"500") | R4: =COUNTIF($I$8:$I$58,"550")
B6: Anzahl Spiele | H6: Anzahl Spiele
C7: Punktspiel | D7: Pokalspiel | E7: Testspiel | F7: Turnier | G7: Gesamt | I7: Ehrung
A8: Auber, Daniel | B8: 93 | C8: 24 | D8: 1 | E8: 4 | F8: 0 | G8: =SUM(C8:F8) | H8: =B8+G8
A9: Auber, David | B9: 75 | C9: 27 | D9: 1 | E9: 4 | F9: 0 | G9: =SUM(C9:F9) | H9: =B9+G9
A10: Auber, Manuel | B10: 103 | C10: 14 | D10: 1 | E10: 3 | F10: 0 | G10: =SUM(C10:F10) | H10: =B10+G10
A11: Auber, Matthias | B11: 0 | C11: 15 | D11: 0 | E11: 0 | F11: 0 | G11: =SUM(C11:F11) | H11: =B11+G11
A12: Bamboi, Daniel | B12: 0 | C12: 19 | F12: 1 | G12: =SUM(C12:F12) | H12: =B12+G12
A13: Bea, Marc | B13: 86 | C13: 11 | D13: 1 | E13: 1 | F13: 0 | G13: =SUM(C13:F13) | H13: =B13+G13
A14: Benner, Florian | B14: 153 | C14: 2 | D14: 0 | E14: 0 | F14: 0 | G14: =SUM(C14:F14) | H14: =B14+G14
A15: Binnig, Andre | B15: 264 | C15: 17 | D15: 1 | E15: 2 | F15: 1 | G15: =SUM(C15:F15) | H15: =B15+G15
A16: Broghammer, Marcel | B16: 118 | C16: 0 | D16: 0 | E16: 2 | F16: 0 | G16: =SUM(C16:F16) | H16: =B16+G16
A17: Bühner, Ahmad Reza | B17: 45 | C17: 21 | D17: 1 | E17: 4 | F17: 1 | G17: =SUM(C17:F17) | H17: =B17+G17
A18: Coraci, Davide | B18: 51 | C18: 1 | D18: 0 | E18: 0 | F18: 0 | G18: =SUM(C18:F18) | H18: =B18+G18
A19: Dold, Markus | B19: 324 | C19: 25 | D19: 1 | E19: 6 | F19: 0 | G19: =SUM(C19:F19) | H19: =B19+G19 | I19: 350
A20: Ebert, Matthias | B20: 389 | C20: 2 | D20: 1 | E20: 0 | F20: 0 | G20: =SUM(C20:F20) | H20: =B20+G20
A21: Flaig, Elias | B21: 154 | C21: 21 | D21: 1 | E21: 3 | F21: 2 | G21: =SUM(C21:F21) | H21: =B21+G21
A22: Flaig, Luis | B22: 51 | C22: 26 | D22: 0 | E22: 5 | F22: 1 | G22: =SUM(C22:F22) | H22: =B22+G22
A23: Katzer, Florian | B23: ='23-24'!G23 | C23: 0 | D23: 0 | E23: 0 | F23: 0 | G23: =SUM(C23:F23) | H23: =B23+G23
A24: Flaig, Tim | B24: 111 | C24: 22 | D24: 1 | E24: 4 | F24: 2 | G24: =SUM(C24:F24) | H24: =B24+G24
A25: Fleig, Maximilian | B25: 162 | C25: 26 | D25: 1 | E25: 5 | F25: 2 | G25: =SUM(C25:F25) | H25: =B25+G25
A26: Günter, Ralf | B26: 332 | C26: 25 | D26: 0 | E26: 5 | F26: 2 | G26: =SUM(C26:F26) | H26: =B26+G26 | I26: 350
A27: Haberstroh, Raphael | B27: 347 | C27: 17 | D27: 0 | E27: 0 | F27: 0 | G27: =SUM(C27:F27) | H27: =B27+G27 | I27: 350
A28: Hoch, Philipp | B28: 0 | C28: 2 | D28: 0 | E28: 0 | F28: 0 | G28: =SUM(C28:F28) | H28: =B28+G28
A29: Hornberger, Christian | B29: 173 | C29: 25 | D29: 0 | E29: 4 | F29: 1 | G29: =SUM(C29:F29) | H29: =B29+G29 | I29: 200
A30: Kimmich, Simeon | B30: 146 | C30: 12 | D30: 1 | E30: 3 | F30: 2 | G30: =SUM(C30:F30) | H30: =B30+G30 | I30: 150
A31: Klein, Daniel | B31: 413 | C31: 1 | D31: 0 | E31: 0 | F31: 0 | G31: =SUM(C31:F31) | H31: =B31+G31
A32: Klukas, Pascal | B32: 79 | C32: 26 | D32: 0 | E32: 3 | F32: 1 | G32: =SUM(C32:F32) | H32: =B32+G32
A33: Kobel, Michael | B33: 70 | C33: 16 | D33: 0 | E33: 1 | F33: 0 | G33: =SUM(C33:F33) | H33: =B33+G33
A34: Kuner, Andreas | B34: 146 | C34: 18 | D34: 1 | E34: 2 | F34: 0 | G34: =SUM(C34:F34) | H34: =B34+G34 | I34: 150
A35: Kunz, Holger | B35: 31 | C35: 25 | D35: 0 | E35: 4 | F35: 2 | G35: =SUM(C35:F35) | H35: =B35+G35
A36: Leingruber, Fabian | B36: 0 | C36: 3 | D36: 0 | E36: 0 | F36: 0 | G36: =SUM(C36:F36) | H36: =B36+G36
A37: Linder, Andreas | B37: 153 | C37: 12 | D37: 1 | E37: 3 | F37: 2 | G37: =SUM(C37:F37) | H37: =B37+G37
A38: Lobert, Marius | B38: 143 | C38: 23 | D38: 1 | E38: 4 | F38: 0 | G38: =SUM(C38:F38) | H38: =B38+G38 | I38: 150
A39: Löffler, Marius | B39: 341 | C39: 16 | D39: 0 | E39: 5 | F39: 0 | G39: =SUM(C39:F39) | H39: =B39+G39 | I39: 350
A40: Müller, Andre | B40: 124 | C40: 3 | D40: 0 | E40: 0 | F40: 0 | G40: =SUM(C40:F40) | H40: =B40+G40
A41: Müller, Felix | B41: 216 | C41: 2 | D41: 1 | E41: 2 | F41: 0 | G41: =SUM(C41:F41) | H41: =B41+G41
A42: Müller, Moritz | B42: 121 | C42: 21 | D42: 1 | E42: 4 | F42: 0 | G42: =SUM(C42:F42) | H42: =B42+G42
A43: Müller, Thorsten | B43: 236 | C43: 3 | D43: 0 | E43: 0 | F43: 0 | G43: =SUM(C43:F43) | H43: =B43+G43
A44: Palmer, Micha | B44: 44 | C44: 2 | D44: 0 | E44: 1 | F44: 0 | G44: =SUM(C44:F44) | H44: =B44+G44
A45: Pfundstein, Andreas | B45: 133 | C45: 15 | D45: 0 | E45: 0 | F45: 0 | G45: =SUM(C45:F45) | H45: =B45+G45
A46: Preuss, Jonas | B46: 399 | C46: 20 | D46: 0 | E46: 3 | F46: 1 | G46: =SUM(C46:F46) | H46: =B46+G46 | I46: 400
A47: Reuter, Johannes | B47: 281 | C47: 10 | D47: 0 | E47: 0 | F47: 2 | G47: =SUM(C47:F47) | H47: =B47+G47
A48: Schaumann, Daniel | B48: 161 | C48: 15 | D48: 1 | E48: 4 | F48: 2 | G48: =SUM(C48:F48) | H48: =B48+G48
A49: Schaumann, David | B49: 187 | C49: 27 | D49: 1 | E49: 6 | F49: 2 | G49: =SUM(C49:F49) | H49: =B49+G49 | I49: 200
A50: Schaumann, Sebastian | B50: 307 | C50: 7 | D50: 0 | E50: 3 | F50: 1 | G50: =SUM(C50:F50) | H50: =B50+G50
A51: Scheck, Lucas | B51: 84 | C51: 6 | D51: 0 | E51: 0 | F51: 0 | G51: =SUM(C51:F51) | H51: =B51+G51
A52: Schwenk, Kevin | B52: 164 | C52: 3 | D52: 0 | E52: 0 | F52: 0 | G52: =SUM(C52:F52) | H52: =B52+G52
A53: Seidel, Jan | B53: 49 | C53: 1 | D53: 0 | E53: 0 | F53: 0 | G53: =SUM(C53:F53) | H53: =B53+G53
A54: Staiger, Tobias | B54: 500 | C54: 23 | D54: 1 | E54: 6 | F54: 0 | G54: =SUM(C54:F54) | H54: =B54+G54
A55: Tramnitz, Christoph | B55: 263 | C55: 22 | D55: 0 | E55: 4 | F55: 0 | G55: =SUM(C55:F55) | H55: =B55+G55
A56: Tramnitz, Lukas | B56: 157 | C56: 9 | D56: 0 | E56: 2 | F56: 0 | G56: =SUM(C56:F56) | H56: =B56+G56
A57: Verrino, Roberto | B57: 301 | C57: 24 | D57: 1 | E57: 4 | F57: 0 | G57: =SUM(C57:F57) | H57: =B57+G57
A58: Weber, Peter | B58: 0 | C58: 26 | D58: 1 | E58: 6 | F58: 2 | G58: =SUM(C58:F58) | H58: =B58+G58

Sheet 25-26
B1: Saison 2025/26
B3: Spielerliste | I3: Ehrung: | J3: 150 | K3: 200 | L3: 250 | M3: 300 | N3: 350 | O3: 400 | P3: 450 | Q3: 500 | R3: 550
B4: Stand 12.05.2026 | I4: Anzahl: | J4: =COUNTIF($I$8:$I$58,"150") | K4: =COUNTIF($I$8:$I$58,"200") | L4: =COUNTIF($I$8:$I$58,"250") | M4: =COUNTIF($I$8:$I$58,"300") | N4: =COUNTIF($I$8:$I$58,"350") | O4: =COUNTIF($I$8:$I$58,"400") | P4: =COUNTIF($I$8:$I$58,"450") | Q4: =COUNTIF($I$8:$I$58,"500") | R4: =COUNTIF($I$8:$I$58,"550")
B6: Anzahl Spiele | H6: Anzahl Spiele
C7: Punktspiel | D7: Pokalspiel | E7: Testspiel | F7: Turnier | G7: Gesamt | I7: Ehrung
A8: Auber, Daniel | B8: ='24-25'!H8 | C8: 14 | D8: 0 | E8: 3 | G8: =C8+D8+E8+F8 | H8: =G8+B8 | I8: =IFERROR(LOOKUP(2,1/((B8<$J$3:$R$3)*(H8>=$J$3:$R$3)),$J$3:$R$3),"")
A9: Auber, David | B9: ='24-25'!H9 | C9: 10 | D9: 0 | E9: 3 | G9: =C9+D9+E9+F9 | H9: =G9+B9 | I9: =IFERROR(LOOKUP(2,1/((B9<$J$3:$R$3)*(H9>=$J$3:$R$3)),$J$3:$R$3),"")
A10: Auber, Manuel | B10: ='24-25'!H10 | C10: 10 | D10: 0 | E10: 5 | G10: =C10+D10+E10+F10 | H10: =G10+B10 | I10: =IFERROR(LOOKUP(2,1/((B10<$J$3:$R$3)*(H10>=$J$3:$R$3)),$J$3:$R$3),"")
A11: Auber, Matthias | B11: ='24-25'!H11 | C11: 10 | D11: 0 | E11: 6 | G11: =C11+D11+E11+F11 | H11: =G11+B11 | I11: =IFERROR(LOOKUP(2,1/((B11<$J$3:$R$3)*(H11>=$J$3:$R$3)),$J$3:$R$3),"")
A12: Beck, Ronny | B12: =0 | C12: 16 | D12: 0 | E12: 5 | G12: =C12+D12+E12+F12 | H12: =G12+B12 | I12: =IFERROR(LOOKUP(2,1/((B12<$J$3:$R$3)*(H12>=$J$3:$R$3)),$J$3:$R$3),"")
A13: Benner, Florian | B13: ='24-25'!H14 | C13: 1 | D13: 0 | E13: 0 | G13: =C13+D13+E13+F13 | H13: =G13+B13 | I13: =IFERROR(LOOKUP(2,1/((B13<$J$3:$R$3)*(H13>=$J$3:$R$3)),$J$3:$R$3),"")
A14: Berger, Ruben | B14: =0 | C14: 17 | D14: 0 | E14: 6 | G14: =C14+D14+E14+F14 | H14: =G14+B14 | I14: =IFERROR(LOOKUP(2,1/((B14<$J$3:$R$3)*(H14>=$J$3:$R$3)),$J$3:$R$3),"")
A15: Bister, Manuel | B15: =0 | C15: 1 | D15: 0 | E15: 0 | G15: =C15+D15+E15+F15 | H15: =G15+B15 | I15: =IFERROR(LOOKUP(2,1/((B15<$J$3:$R$3)*(H15>=$J$3:$R$3)),$J$3:$R$3),"")
A16: Blechschmidt, Marvin | B16: =0 | C16: 5 | D16: 0 | E16: 0 | G16: =C16+D16+E16+F16 | H16: =G16+B16 | I16: =IFERROR(LOOKUP(2,1/((B16<$J$3:$R$3)*(H16>=$J$3:$R$3)),$J$3:$R$3),"")
A17: Bühner, Ahmad Reza | B17: ='24-25'!H17 | C17: 15 | D17: 1 | E17: 9 | G17: =C17+D17+E17+F17 | H17: =G17+B17 | I17: =IFERROR(LOOKUP(2,1/((B17<$J$3:$R$3)*(H17>=$J$3:$R$3)),$J$3:$R$3),"")
A18: Dold, Markus | B18: ='24-25'!H19 | C18: 20 | D18: 2 | E18: 8 | G18: =C18+D18+E18+F18 | H18: =G18+B18 | I18: =IFERROR(LOOKUP(2,1/((B18<$J$3:$R$3)*(H18>=$J$3:$R$3)),$J$3:$R$3),"")
A19: Flaig, Elias | B19: ='24-25'!H21 | C19: 10 | D19: 0 | E19: 3 | G19: =C19+D19+E19+F19 | H19: =G19+B19 | I19: =IFERROR(LOOKUP(2,1/((B19<$J$3:$R$3)*(H19>=$J$3:$R$3)),$J$3:$R$3),"")
A20: Flaig, Luis | B20: ='24-25'!H22 | C20: 22 | D20: 1 | E20: 7 | G20: =C20+D20+E20+F20 | H20: =G20+B20 | I20: =IFERROR(LOOKUP(2,1/((B20<$J$3:$R$3)*(H20>=$J$3:$R$3)),$J$3:$R$3),"")
A21: Flaig, Tim | B21: ='24-25'!H24 | C21: 17 | D21: 2 | E21: 4 | G21: =C21+D21+E21+F21 | H21: =G21+B21 | I21: =IFERROR(LOOKUP(2,1/((B21<$J$3:$R$3)*(H21>=$J$3:$R$3)),$J$3:$R$3),"")
A22: Fleig, Maximilian | B22: ='24-25'!H25 | C22: 5 | D22: 1 | E22: 4 | G22: =C22+D22+E22+F22 | H22: =G22+B22 | I22: =IFERROR(LOOKUP(2,1/((B22<$J$3:$R$3)*(H22>=$J$3:$R$3)),$J$3:$R$3),"")
A23: Haag, Lorenz | B23: =0 | C23: 20 | D23: 2 | E23: 4 | G23: =C23+D23+E23+F23 | H23: =G23+B23 | I23: =IFERROR(LOOKUP(2,1/((B23<$J$3:$R$3)*(H23>=$J$3:$R$3)),$J$3:$R$3),"")
A24: Haag, Marius | B24: =0 | C24: 18 | D24: 0 | E24: 5 | G24: =C24+D24+E24+F24 | H24: =G24+B24 | I24: =IFERROR(LOOKUP(2,1/((B24<$J$3:$R$3)*(H24>=$J$3:$R$3)),$J$3:$R$3),"")
A25: Haas, Steffen | B25: =0 | C25: 8 | D25: 0 | E25: 4 | G25: =C25+D25+E25+F25 | H25: =G25+B25 | I25: =IFERROR(LOOKUP(2,1/((B25<$J$3:$R$3)*(H25>=$J$3:$R$3)),$J$3:$R$3),"")
A26: Heim, Moritz | B26: =0 | C26: 8 | D26: 0 | E26: 1 | G26: =C26+D26+E26+F26 | H26: =G26+B26 | I26: =IFERROR(LOOKUP(2,1/((B26<$J$3:$R$3)*(H26>=$J$3:$R$3)),$J$3:$R$3),"")
A27: Hoch, Philipp | B27: ='24-25'!H28 | C27: 0 | D27: 0 | E27: 1 | G27: =C27+D27+E27+F27 | H27: =G27+B27 | I27: =IFERROR(LOOKUP(2,1/((B27<$J$3:$R$3)*(H27>=$J$3:$R$3)),$J$3:$R$3),"")
A28: Hornberger, Christian | B28: ='24-25'!H29 | C28: 21 | D28: 1 | E28: 6 | G28: =C28+D28+E28+F28 | H28: =G28+B28 | I28: =IFERROR(LOOKUP(2,1/((B28<$J$3:$R$3)*(H28>=$J$3:$R$3)),$J$3:$R$3),"")
A29: Jauch, Heinrich | B29: =0 | C29: 8 | D29: 0 | E29: 0 | G29: =C29+D29+E29+F29 | H29: =G29+B29 | I29: =IFERROR(LOOKUP(2,1/((B29<$J$3:$R$3)*(H29>=$J$3:$R$3)),$J$3:$R$3),"")
A30: Katzer, Florian | B30: ='24-25'!H23 | C30: 4 | D30: 0 | E30: 3 | G30: =C30+D30+E30+F30 | H30: =G30+B30 | I30: =IFERROR(LOOKUP(2,1/((B30<$J$3:$R$3)*(H30>=$J$3:$R$3)),$J$3:$R$3),"")
A31: Klukas, Pascal | B31: ='24-25'!H32 | C31: 19 | D31: 0 | E31: 7 | G31: =C31+D31+E31+F31 | H31: =G31+B31 | I31: =IFERROR(LOOKUP(2,1/((B31<$J$3:$R$3)*(H31>=$J$3:$R$3)),$J$3:$R$3),"")
A32: Krohn, Florian | B32: =0 | C32: 2 | D32: 0 | E32: 0 | G32: =C32+D32+E32+F32 | H32: =G32+B32 | I32: =IFERROR(LOOKUP(2,1/((B32<$J$3:$R$3)*(H32>=$J$3:$R$3)),$J$3:$R$3),"")
A33: Kuner, Andreas | B33: ='24-25'!H34 | C33: 20 | D33: 2 | E33: 4 | G33: =C33+D33+E33+F33 | H33: =G33+B33 | I33: =IFERROR(LOOKUP(2,1/((B33<$J$3:$R$3)*(H33>=$J$3:$R$3)),$J$3:$R$3),"")
A34: Kunz, Holger | B34: ='24-25'!H35 | C34: 17 | D34: 2 | E34: 7 | G34: =C34+D34+E34+F34 | H34: =G34+B34 | I34: =IFERROR(LOOKUP(2,1/((B34<$J$3:$R$3)*(H34>=$J$3:$R$3)),$J$3:$R$3),"")
A35: Linder, Andreas | B35: ='24-25'!H37 | C35: 12 | D35: 0 | E35: 4 | G35: =C35+D35+E35+F35 | H35: =G35+B35 | I35: =IFERROR(LOOKUP(2,1/((B35<$J$3:$R$3)*(H35>=$J$3:$R$3)),$J$3:$R$3),"")
A36: Lobert, Marius | B36: ='24-25'!H38 | C36: 13 | D36: 0 | E36: 6 | G36: =C36+D36+E36+F36 | H36: =G36+B36 | I36: =IFERROR(LOOKUP(2,1/((B36<$J$3:$R$3)*(H36>=$J$3:$R$3)),$J$3:$R$3),"")
A37: Löffler, Marius | B37: ='24-25'!H39 | C37: 18 | D37: 1 | E37: 4 | G37: =C37+D37+E37+F37 | H37: =G37+B37 | I37: =IFERROR(LOOKUP(2,1/((B37<$J$3:$R$3)*(H37>=$J$3:$R$3)),$J$3:$R$3),"")
A38: Mager, Elias | B38: =0 | C38: 13 | D38: 0 | E38: 5 | G38: =C38+D38+E38+F38 | H38: =G38+B38 | I38: =IFERROR(LOOKUP(2,1/((B38<$J$3:$R$3)*(H38>=$J$3:$R$3)),$J$3:$R$3),"")
A39: Mager, Max | B39: =0 | C39: 19 | D39: 1 | E39: 9 | G39: =C39+D39+E39+F39 | H39: =G39+B39 | I39: =IFERROR(LOOKUP(2,1/((B39<$J$3:$R$3)*(H39>=$J$3:$R$3)),$J$3:$R$3),"")
A40: Marte, Marvin | B40: =0 | C40: 0 | D40: 0 | E40: 2 | G40: =C40+D40+E40+F40 | H40: =G40+B40 | I40: =IFERROR(LOOKUP(2,1/((B40<$J$3:$R$3)*(H40>=$J$3:$R$3)),$J$3:$R$3),"")
A41: Mauch, Nico | B41: =0 | C41: 0 | D41: 0 | E41: 1 | G41: =C41+D41+E41+F41 | H41: =G41+B41 | I41: =IFERROR(LOOKUP(2,1/((B41<$J$3:$R$3)*(H41>=$J$3:$R$3)),$J$3:$R$3),"")
A42: Moosmann, Jakob | B42: =0 | C42: 2 | D42: 0 | E42: 0 | G42: =C42+D42+E42+F42 | H42: =G42+B42 | I42: =IFERROR(LOOKUP(2,1/((B42<$J$3:$R$3)*(H42>=$J$3:$R$3)),$J$3:$R$3),"")
A43: Müller, Moritz | B43: ='24-25'!H42 | C43: 18 | D43: 0 | E43: 4 | G43: =C43+D43+E43+F43 | H43: =G43+B43 | I43: =IFERROR(LOOKUP(2,1/((B43<$J$3:$R$3)*(H43>=$J$3:$R$3)),$J$3:$R$3),"")
A44: Müllhäuser, Florian | B44: =0 | C44: 1 | D44: 0 | E44: 0 | G44: =C44+D44+E44+F44 | H44: =G44+B44 | I44: =IFERROR(LOOKUP(2,1/((B44<$J$3:$R$3)*(H44>=$J$3:$R$3)),$J$3:$R$3),"")
A45: Müllhäuser, Nils | B45: =0 | C45: 13 | D45: 0 | E45: 5 | G45: =C45+D45+E45+F45 | H45: =G45+B45 | I45: =IFERROR(LOOKUP(2,1/((B45<$J$3:$R$3)*(H45>=$J$3:$R$3)),$J$3:$R$3),"")
A46: Pforte, Lukas | B46: =0 | C46: 5 | D46: 0 | E46: 0 | G46: =C46+D46+E46+F46 | H46: =G46+B46 | I46: =IFERROR(LOOKUP(2,1/((B46<$J$3:$R$3)*(H46>=$J$3:$R$3)),$J$3:$R$3),"")
A47: Pfundstein, Andreas | B47: ='24-25'!H45 | C47: 4 | D47: 0 | E47: 0 | G47: =C47+D47+E47+F47 | H47: =G47+B47 | I47: =IFERROR(LOOKUP(2,1/((B47<$J$3:$R$3)*(H47>=$J$3:$R$3)),$J$3:$R$3),"")
A48: Preuss, Jonas | B48: ='24-25'!H46 | C48: 9 | D48: 0 | E48: 6 | G48: =C48+D48+E48+F48 | H48: =G48+B48 | I48: =IFERROR(LOOKUP(2,1/((B48<$J$3:$R$3)*(H48>=$J$3:$R$3)),$J$3:$R$3),"")
A49: Rieder, Sebastian | B49: =0 | C49: 18 | D49: 0 | E49: 6 | G49: =C49+D49+E49+F49 | H49: =G49+B49 | I49: =IFERROR(LOOKUP(2,1/((B49<$J$3:$R$3)*(H49>=$J$3:$R$3)),$J$3:$R$3),"")
A50: Sauter, Alexander | B50: =0 | C50: 2 | D50: 0 | E50: 0 | G50: =C50+D50+E50+F50 | H50: =G50+B50 | I50: =IFERROR(LOOKUP(2,1/((B50<$J$3:$R$3)*(H50>=$J$3:$R$3)),$J$3:$R$3),"")
A51: Sauter, Marius | B51: =0 | C51: 14 | D51: 0 | E51: 4 | G51: =C51+D51+E51+F51 | H51: =G51+B51 | I51: =IFERROR(LOOKUP(2,1/((B51<$J$3:$R$3)*(H51>=$J$3:$R$3)),$J$3:$R$3),"")
A52: Schaumann, Daniel | B52: ='24-25'!H48 | C52: 22 | D52: 2 | E52: 6 | G52: =C52+D52+E52+F52 | H52: =G52+B52 | I52: =IFERROR(LOOKUP(2,1/((B52<$J$3:$R$3)*(H52>=$J$3:$R$3)),$J$3:$R$3),"")
A53: Schaumann, David | B53: ='24-25'!H49 | C53: 19 | D53: 2 | E53: 8 | G53: =C53+D53+E53+F53 | H53: =G53+B53 | I53: =IFERROR(LOOKUP(2,1/((B53<$J$3:$R$3)*(H53>=$J$3:$R$3)),$J$3:$R$3),"")
A54: Schaumann, Sebastian | B54: ='24-25'!H50 | C54: 10 | D54: 1 | E54: 4 | G54: =C54+D54+E54+F54 | H54: =G54+B54 | I54: =IFERROR(LOOKUP(2,1/((B54<$J$3:$R$3)*(H54>=$J$3:$R$3)),$J$3:$R$3),"")
A55: Schmidt, Nicolas | B55: =0 | C55: 7 | D55: 0 | E55: 2 | G55: =C55+D55+E55+F55 | H55: =G55+B55 | I55: =IFERROR(LOOKUP(2,1/((B55<$J$3:$R$3)*(H55>=$J$3:$R$3)),$J$3:$R$3),"")
A56: Staiger, Simon | B56: =0 | C56: 16 | D56: 0 | E56: 3 | G56: =C56+D56+E56+F56 | H56: =G56+B56 | I56: =IFERROR(LOOKUP(2,1/((B56<$J$3:$R$3)*(H56>=$J$3:$R$3)),$J$3:$R$3),"")
A57: Staiger, Tobias | B57: ='24-25'!H54 | C57: 11 | D57: 2 | E57: 9 | G57: =C57+D57+E57+F57 | H57: =G57+B57 | I57: =IFERROR(LOOKUP(2,1/((B57<$J$3:$R$3)*(H57>=$J$3:$R$3)),$J$3:$R$3),"")
A58: Tramnitz, Lukas | B58: ='24-25'!H56 | C58: 21 | D58: 1 | E58: 3 | G58: =C58+D58+E58+F58 | H58: =G58+B58 | I58: =IFERROR(LOOKUP(2,1/((B58<$J$3:$R$3)*(H58>=$J$3:$R$3)),$J$3:$R$3),"")
A59: Verrino, Roberto | B59: ='24-25'!H57 | C59: 18 | D59: 1 | E59: 7 | G59: =C59+D59+E59+F59 | H59: =G59+B59 | I59: =IFERROR(LOOKUP(2,1/((B59<$J$3:$R$3)*(H59>=$J$3:$R$3)),$J$3:$R$3),"")
A60: Weber, Peter | B60: ='24-25'!H58 | C60: 22 | D60: 2 | E60: 10 | G60: =C60+D60+E60+F60 | H60: =G60+B60 | I60: =IFERROR(LOOKUP(2,1/((B60<$J$3:$R$3)*(H60>=$J$3:$R$3)),$J$3:$R$3),"")
A61: Wetzel, Maxim | B61: =0 | C61: 18 | D61: 0 | E61: 5 | G61: =C61+D61+E61+F61 | H61: =G61+B61 | I61: =IFERROR(LOOKUP(2,1/((B61<$J$3:$R$3)*(H61>=$J$3:$R$3)),$J$3:$R$3),"")
